{
  "effect": [
    {
      "name": "matting",
      "vertexShader": "resource1/normal.vsh",
      "vUniforms": [],
      "fragmentShader": "resource1/normal.fsh",
      "fUniforms": [
        {
          "name": "inputImageTexture",
          "type": 100
        },
        {
          "name": "mattingTexture",
          "type": 2000
        },
        {
          "name": "bgTexture",
          "type": 3000,
          "renderCacheKey": "BCCustomBackground"
        },
        {
          "name": "bgTextureRotate",
          "type": 3,
          "data": [0.0]
        }
      ]
    }
  ],
  "version": 1.1
}