{
  "code": 0,
  "message": "success",
  "narrow": {
    "inherit": null,
    "style": {
      "action_danger_disable": "borderColor:#f98e8b;backgroundColorHover:'#ffffff;backgroundColorActive:#ffffff;",
      "action_default_disable": "backgroundColorHoverDarkMode:#ffffff;backgroundColorActive:#ffffff;borderColorToken:line-border-card;backgroundColorHover:#ffffff;backgroundColorHoverToken:static-white-hover;borderColor:#dee0e3;backgroundColorActiveToken:static-white-hover;backgroundColorActiveDarkMode:#1AFFFFFF;borderColorDarkMode:#5f5f5f;",
      "action_primary_disable": "borderColor:#82a7fc;backgroundColorActive:#ffffff;borderColorDarkMode:#2851a3;backgroundColorHoverToken:static-white-hover;backgroundColorActiveDarkMode:#1AFFFFFF;backgroundColorHover:#ffffff;backgroundColorHoverDarkMode:#ffffff;borderColorToken:primary-pri-300;backgroundColorActiveToken:static-white-hover;",
      "block_action_button_danger": "flexWrap:noWrap;paddingLeft:36;disabledTextColor:#f98e8b;paddingBottom:10;alignItems:center;backgroundColorHover:#fde2e2;borderRadius:24;paddingRight:36;borderWidth:1.0;marginTop:16;borderColorDarkMode:#F0544F;borderColorToken:function-danger-500;paddingTop:10;borderColor:#f54a45;backgroundColorActiveDarkMode:#33F0544F;width:100%;height:40;backgroundColorActiveToken:udtoken-btn-se-bg-danger-pressed;justifyContent:center;disabledBorderColor:#f98e8b;backgroundColorActive:#fbbfbc;",
      "block_action_button_danger_2": "paddingTop:10;flexWrap:noWrap;alignItems:center;borderWidth:1.0;backgroundColorActive:#fbbfbc;paddingBottom:10;flexGrow:0;disabledTextColor:#f98e8b;height:40;disabledBorderColor:#f98e8b;borderColorToken:function-danger-500;paddingLeft:24;justifyContent:center;borderRadius:24;backgroundColorActiveDarkMode:#33F0544F;width:48%;backgroundColorActiveToken:udtoken-btn-se-bg-danger-pressed;marginTop:16;borderColorDarkMode:#F0544F;backgroundColorHover:#fde2e2;paddingRight:24;borderColor:#f54a45;",
      "block_action_button_danger_2_disable": "disabledBorderColor:#f98e8b;borderRadius:24;borderColorToken:function-danger-500;paddingBottom:10;alignItems:center;marginTop:16;backgroundColorActiveToken:udtoken-btn-se-bg-danger-pressed;flexWrap:noWrap;borderColorDarkMode:#F0544F;paddingRight:24;height:40;backgroundColorHover:'#ffffff;paddingTop:10;borderColor:#f98e8b;disabledTextColor:#f98e8b;paddingLeft:24;width:48%;backgroundColorActive:#ffffff;flexGrow:0;justifyContent:center;borderWidth:1.0;backgroundColorActiveDarkMode:#33F0544F;",
      "block_action_button_danger_2_l": "height:40;alignItems:center;paddingTop:10;paddingLeft:24;paddingBottom:10;borderColor:#f54a45;justifyContent:center;marginTop:16;flexWrap:noWrap;backgroundColorHover:#fde2e2;backgroundColorActive:#fbbfbc;backgroundColorActiveToken:udtoken-btn-se-bg-danger-pressed;borderColorToken:function-danger-500;borderWidth:1.0;disabledBorderColor:#f98e8b;width:48%;backgroundColorActiveDarkMode:#33F0544F;borderColorDarkMode:#F0544F;disabledTextColor:#f98e8b;paddingRight:24;borderRadius:24;flexGrow:0;",
      "block_action_button_danger_2_l_disable": "backgroundColorActiveDarkMode:#33F0544F;borderRadius:24;paddingLeft:24;flexGrow:0;borderColor:#f98e8b;alignItems:center;paddingBottom:10;paddingRight:24;height:40;paddingTop:10;borderColorDarkMode:#F0544F;disabledBorderColor:#f98e8b;backgroundColorActiveToken:udtoken-btn-se-bg-danger-pressed;backgroundColorActive:#ffffff;flexWrap:noWrap;width:48%;disabledTextColor:#f98e8b;marginTop:16;backgroundColorHover:'#ffffff;justifyContent:center;borderWidth:1.0;borderColorToken:function-danger-500;",
      "block_action_button_danger_2_r": "paddingLeft:24;backgroundColorActiveDarkMode:#33F0544F;alignItems:center;borderColorDarkMode:#F0544F;paddingRight:24;flexWrap:noWrap;disabledBorderColor:#f98e8b;justifyContent:center;disabledTextColor:#f98e8b;width:48%;borderColorToken:function-danger-500;flexGrow:0;backgroundColorActive:#fbbfbc;marginTop:16;backgroundColorHover:#fde2e2;height:40;borderColor:#f54a45;backgroundColorActiveToken:udtoken-btn-se-bg-danger-pressed;borderWidth:1.0;borderRadius:24;paddingBottom:10;paddingTop:10;",
      "block_action_button_danger_2_r_disable": "disabledTextColor:#f98e8b;flexWrap:noWrap;height:40;borderColorToken:function-danger-500;borderColorDarkMode:#F0544F;width:48%;backgroundColorActive:#ffffff;marginTop:16;backgroundColorActiveDarkMode:#33F0544F;borderRadius:24;justifyContent:center;flexGrow:0;backgroundColorActiveToken:udtoken-btn-se-bg-danger-pressed;borderWidth:1.0;paddingTop:10;alignItems:center;paddingBottom:10;paddingLeft:24;backgroundColorHover:'#ffffff;paddingRight:24;disabledBorderColor:#f98e8b;borderColor:#f98e8b;",
      "block_action_button_danger_3": "width:30.66%;paddingBottom:10;borderColor:#f54a45;paddingRight:24;flexGrow:0;paddingTop:10;borderColorDarkMode:#F0544F;height:40;flexWrap:noWrap;justifyContent:center;borderWidth:1.0;borderRadius:24;backgroundColorActiveToken:udtoken-btn-se-bg-danger-pressed;alignItems:center;borderColorToken:function-danger-500;paddingLeft:24;backgroundColorActiveDarkMode:#33F0544F;disabledBorderColor:#f98e8b;marginTop:16;disabledTextColor:#f98e8b;backgroundColorHover:#fde2e2;backgroundColorActive:#fbbfbc;",
      "block_action_button_danger_3_disable": "paddingRight:24;backgroundColorActiveToken:udtoken-btn-se-bg-danger-pressed;height:40;marginTop:16;backgroundColorActiveDarkMode:#33F0544F;borderColor:#f98e8b;backgroundColorActive:#ffffff;alignItems:center;paddingBottom:10;borderColorToken:function-danger-500;flexWrap:noWrap;paddingTop:10;justifyContent:center;backgroundColorHover:'#ffffff;disabledTextColor:#f98e8b;disabledBorderColor:#f98e8b;borderRadius:24;borderWidth:1.0;width:30.66%;flexGrow:0;paddingLeft:24;borderColorDarkMode:#F0544F;",
      "block_action_button_danger_3_l": "disabledTextColor:#f98e8b;marginTop:16;flexWrap:noWrap;borderColorDarkMode:#F0544F;backgroundColorActiveToken:udtoken-btn-se-bg-danger-pressed;borderColor:#f54a45;borderWidth:1.0;backgroundColorActive:#fbbfbc;justifyContent:center;paddingRight:24;disabledBorderColor:#f98e8b;alignItems:center;borderRadius:24;borderColorToken:function-danger-500;flexGrow:0;paddingTop:10;backgroundColorActiveDarkMode:#33F0544F;height:40;width:30.66%;paddingBottom:10;paddingLeft:24;backgroundColorHover:#fde2e2;",
      "block_action_button_danger_3_l_disable": "backgroundColorActiveToken:udtoken-btn-se-bg-danger-pressed;paddingLeft:24;borderColorDarkMode:#F0544F;backgroundColorActiveDarkMode:#33F0544F;width:30.66%;backgroundColorHover:'#ffffff;justifyContent:center;marginTop:16;disabledBorderColor:#f98e8b;borderWidth:1.0;flexGrow:0;paddingRight:24;paddingTop:10;flexWrap:noWrap;backgroundColorActive:#ffffff;borderRadius:24;alignItems:center;borderColorToken:function-danger-500;borderColor:#f98e8b;height:40;paddingBottom:10;disabledTextColor:#f98e8b;",
      "block_action_button_danger_3_r": "borderColor:#f54a45;borderWidth:1.0;borderColorToken:function-danger-500;alignItems:center;paddingRight:24;borderRadius:24;justifyContent:center;backgroundColorActive:#fbbfbc;paddingBottom:10;disabledTextColor:#f98e8b;width:30.66%;backgroundColorActiveDarkMode:#33F0544F;backgroundColorActiveToken:udtoken-btn-se-bg-danger-pressed;height:40;flexGrow:0;paddingTop:10;borderColorDarkMode:#F0544F;backgroundColorHover:#fde2e2;paddingLeft:24;marginTop:16;disabledBorderColor:#f98e8b;flexWrap:noWrap;",
      "block_action_button_danger_3_r_disable": "borderWidth:1.0;disabledTextColor:#f98e8b;paddingTop:10;marginTop:16;paddingRight:24;backgroundColorHover:'#ffffff;justifyContent:center;backgroundColorActive:#ffffff;borderColor:#f98e8b;disabledBorderColor:#f98e8b;borderColorDarkMode:#F0544F;borderRadius:24;flexGrow:0;backgroundColorActiveToken:udtoken-btn-se-bg-danger-pressed;height:40;backgroundColorActiveDarkMode:#33F0544F;flexWrap:noWrap;width:30.66%;borderColorToken:function-danger-500;alignItems:center;paddingBottom:10;paddingLeft:24;",
      "block_action_button_danger_disable": "disabledTextColor:#f98e8b;backgroundColorActive:#ffffff;borderColor:#f98e8b;backgroundColorHover:'#ffffff;borderColorToken:function-danger-500;paddingTop:10;backgroundColorActiveDarkMode:#33F0544F;paddingLeft:36;height:40;borderRadius:24;paddingRight:36;marginTop:16;disabledBorderColor:#f98e8b;backgroundColorActiveToken:udtoken-btn-se-bg-danger-pressed;flexWrap:noWrap;width:100%;borderWidth:1.0;alignItems:center;borderColorDarkMode:#F0544F;justifyContent:center;paddingBottom:10;",
      "block_action_button_danger_flow": "borderWidth:1.0;alignItems:center;borderColorToken:function-danger-500;backgroundColorActiveToken:udtoken-btn-se-bg-danger-pressed;disabledBorderColor:#f98e8b;justifyContent:center;width:auto;paddingRight:36;paddingLeft:36;marginRight:12;backgroundColorActive:#fbbfbc;height:40;backgroundColorHover:#fde2e2;backgroundColorActiveDarkMode:#33F0544F;disabledTextColor:#f98e8b;paddingBottom:10;paddingTop:10;flexWrap:noWrap;borderColor:#f54a45;marginTop:16;borderRadius:24;borderColorDarkMode:#F0544F;",
      "block_action_button_danger_flow_disable": "borderColor:#f98e8b;borderColorDarkMode:#F0544F;backgroundColorHover:'#ffffff;paddingTop:10;marginRight:12;marginTop:16;backgroundColorActiveToken:udtoken-btn-se-bg-danger-pressed;height:40;disabledTextColor:#f98e8b;paddingRight:36;backgroundColorActive:#ffffff;borderColorToken:function-danger-500;flexWrap:noWrap;justifyContent:center;paddingLeft:36;borderWidth:1.0;backgroundColorActiveDarkMode:#33F0544F;width:auto;alignItems:center;borderRadius:24;disabledBorderColor:#f98e8b;paddingBottom:10;",
      "block_action_button_danger_t": "width:100%;paddingRight:36;paddingBottom:10;disabledTextColor:#f98e8b;borderColorToken:function-danger-500;borderWidth:1.0;borderRadius:24;flexWrap:noWrap;alignItems:center;backgroundColorHover:#fde2e2;paddingLeft:36;backgroundColorActive:#fbbfbc;backgroundColorActiveDarkMode:#33F0544F;backgroundColorActiveToken:udtoken-btn-se-bg-danger-pressed;justifyContent:center;borderColor:#f54a45;disabledBorderColor:#f98e8b;paddingTop:10;marginTop:0;borderColorDarkMode:#F0544F;height:40;",
      "block_action_button_danger_t_disable": "paddingLeft:36;width:100%;backgroundColorActiveDarkMode:#33F0544F;disabledTextColor:#f98e8b;paddingRight:36;paddingTop:10;backgroundColorActiveToken:udtoken-btn-se-bg-danger-pressed;borderColorToken:function-danger-500;backgroundColorActive:#ffffff;backgroundColorHover:'#ffffff;borderColor:#f98e8b;borderColorDarkMode:#F0544F;paddingBottom:10;justifyContent:center;borderRadius:24;disabledBorderColor:#f98e8b;alignItems:center;borderWidth:1.0;flexWrap:noWrap;marginTop:0;height:40;",
      "block_action_button_default": "backgroundColorActive:#DEE0E3;backgroundColorActiveToken:udtoken-btn-se-bg-neutral-pressed;borderWidth:1.0;backgroundColorActiveDarkMode:#33F0F0F0;borderColorDarkMode:#F0F0F0;paddingRight:36;backgroundColorHover:#EFF0F1;paddingLeft:36;borderRadius:24;borderColorToken:line-border-component;justifyContent:center;alignItems:center;marginTop:16;paddingTop:10;flexWrap:noWrap;paddingBottom:10;borderColor:#DEE0E3;height:40;width:100%;",
      "block_action_button_default_2": "backgroundColorActiveDarkMode:#33F0F0F0;marginTop:16;flexWrap:noWrap;borderColor:#DEE0E3;borderColorDarkMode:#F0F0F0;backgroundColorActive:#DEE0E3;paddingRight:24;borderWidth:1.0;paddingLeft:24;width:48%;backgroundColorActiveToken:udtoken-btn-se-bg-neutral-pressed;justifyContent:center;paddingTop:10;backgroundColorHover:#EFF0F1;alignItems:center;paddingBottom:10;height:40;borderRadius:24;borderColorToken:line-border-component;flexGrow:0;",
      "block_action_button_default_2_disable": "backgroundColorActiveDarkMode:#1AFFFFFF;height:40;paddingTop:10;marginTop:16;backgroundColorHoverToken:static-white-hover;borderRadius:24;borderColorToken:line-border-card;width:48%;borderWidth:1.0;borderColor:#dee0e3;flexGrow:0;paddingBottom:10;flexWrap:noWrap;backgroundColorHover:#ffffff;backgroundColorActiveToken:static-white-hover;justifyContent:center;alignItems:center;paddingLeft:24;paddingRight:24;backgroundColorHoverDarkMode:#ffffff;borderColorDarkMode:#5f5f5f;backgroundColorActive:#ffffff;",
      "block_action_button_default_2_l": "alignItems:center;backgroundColorHover:#EFF0F1;backgroundColorActiveToken:udtoken-btn-se-bg-neutral-pressed;marginTop:16;flexWrap:noWrap;borderColor:#DEE0E3;borderColorToken:line-border-component;borderRadius:24;borderWidth:1.0;backgroundColorActiveDarkMode:#33F0F0F0;width:48%;paddingTop:10;paddingRight:24;height:40;flexGrow:0;justifyContent:center;paddingBottom:10;borderColorDarkMode:#F0F0F0;paddingLeft:24;backgroundColorActive:#DEE0E3;",
      "block_action_button_default_2_l_disable": "backgroundColorHover:#ffffff;width:48%;paddingLeft:24;borderColor:#dee0e3;backgroundColorHoverToken:static-white-hover;paddingRight:24;backgroundColorActiveToken:static-white-hover;height:40;borderColorToken:line-border-card;borderColorDarkMode:#5f5f5f;flexGrow:0;backgroundColorActiveDarkMode:#1AFFFFFF;backgroundColorActive:#ffffff;borderWidth:1.0;paddingTop:10;backgroundColorHoverDarkMode:#ffffff;justifyContent:center;marginTop:16;alignItems:center;paddingBottom:10;borderRadius:24;flexWrap:noWrap;",
      "block_action_button_default_2_r": "flexGrow:0;borderColorDarkMode:#F0F0F0;borderColor:#DEE0E3;width:48%;flexWrap:noWrap;backgroundColorActiveToken:udtoken-btn-se-bg-neutral-pressed;alignItems:center;justifyContent:center;marginTop:16;paddingBottom:10;paddingRight:24;borderRadius:24;backgroundColorHover:#EFF0F1;borderColorToken:line-border-component;paddingLeft:24;backgroundColorActiveDarkMode:#33F0F0F0;backgroundColorActive:#DEE0E3;height:40;borderWidth:1.0;paddingTop:10;",
      "block_action_button_default_2_r_disable": "flexGrow:0;borderColorDarkMode:#5f5f5f;marginTop:16;backgroundColorHoverToken:static-white-hover;justifyContent:center;paddingBottom:10;borderColorToken:line-border-card;backgroundColorHover:#ffffff;paddingRight:24;backgroundColorActive:#ffffff;paddingLeft:24;height:40;backgroundColorHoverDarkMode:#ffffff;borderRadius:24;backgroundColorActiveDarkMode:#1AFFFFFF;flexWrap:noWrap;backgroundColorActiveToken:static-white-hover;paddingTop:10;borderColor:#dee0e3;width:48%;alignItems:center;borderWidth:1.0;",
      "block_action_button_default_3": "paddingBottom:10;paddingTop:10;justifyContent:center;borderColor:#DEE0E3;borderColorToken:line-border-component;backgroundColorActiveDarkMode:#33F0F0F0;paddingLeft:24;alignItems:center;backgroundColorActive:#DEE0E3;backgroundColorActiveToken:udtoken-btn-se-bg-neutral-pressed;borderRadius:24;flexGrow:0;backgroundColorHover:#EFF0F1;height:40;marginTop:16;paddingRight:24;borderColorDarkMode:#F0F0F0;borderWidth:1.0;flexWrap:noWrap;width:30.66%;",
      "block_action_button_default_3_disable": "backgroundColorHoverToken:static-white-hover;borderColor:#dee0e3;backgroundColorHover:#ffffff;borderRadius:24;paddingBottom:10;height:40;flexGrow:0;borderWidth:1.0;paddingTop:10;width:30.66%;backgroundColorActiveDarkMode:#1AFFFFFF;marginTop:16;paddingRight:24;borderColorDarkMode:#5f5f5f;borderColorToken:line-border-card;justifyContent:center;paddingLeft:24;backgroundColorActiveToken:static-white-hover;backgroundColorHoverDarkMode:#ffffff;flexWrap:noWrap;backgroundColorActive:#ffffff;alignItems:center;",
      "block_action_button_default_3_l": "paddingTop:10;backgroundColorActiveToken:udtoken-btn-se-bg-neutral-pressed;borderWidth:1.0;backgroundColorHover:#EFF0F1;paddingLeft:24;alignItems:center;flexWrap:noWrap;borderColor:#DEE0E3;flexGrow:0;paddingBottom:10;paddingRight:24;borderColorDarkMode:#F0F0F0;justifyContent:center;width:30.66%;borderRadius:24;borderColorToken:line-border-component;marginTop:16;height:40;backgroundColorActiveDarkMode:#33F0F0F0;backgroundColorActive:#DEE0E3;",
      "block_action_button_default_3_l_disable": "paddingBottom:10;borderColorDarkMode:#5f5f5f;borderWidth:1.0;marginTop:16;backgroundColorActiveToken:static-white-hover;borderColorToken:line-border-card;flexGrow:0;paddingTop:10;borderRadius:24;backgroundColorHoverDarkMode:#ffffff;alignItems:center;flexWrap:noWrap;justifyContent:center;backgroundColorHover:#ffffff;borderColor:#dee0e3;height:40;width:30.66%;backgroundColorHoverToken:static-white-hover;backgroundColorActiveDarkMode:#1AFFFFFF;backgroundColorActive:#ffffff;paddingRight:24;paddingLeft:24;",
      "block_action_button_default_3_r": "borderColorToken:line-border-component;height:40;backgroundColorActiveDarkMode:#33F0F0F0;borderColorDarkMode:#F0F0F0;backgroundColorActiveToken:udtoken-btn-se-bg-neutral-pressed;paddingTop:10;paddingLeft:24;marginTop:16;alignItems:center;borderRadius:24;paddingBottom:10;justifyContent:center;borderColor:#DEE0E3;backgroundColorActive:#DEE0E3;flexWrap:noWrap;paddingRight:24;backgroundColorHover:#EFF0F1;width:30.66%;flexGrow:0;borderWidth:1.0;",
      "block_action_button_default_3_r_disable": "marginTop:16;borderWidth:1.0;paddingBottom:10;borderColor:#dee0e3;paddingTop:10;flexWrap:noWrap;justifyContent:center;paddingLeft:24;backgroundColorHover:#ffffff;paddingRight:24;flexGrow:0;height:40;backgroundColorActive:#ffffff;borderRadius:24;backgroundColorActiveToken:static-white-hover;width:30.66%;borderColorDarkMode:#5f5f5f;borderColorToken:line-border-card;backgroundColorActiveDarkMode:#1AFFFFFF;alignItems:center;backgroundColorHoverDarkMode:#ffffff;backgroundColorHoverToken:static-white-hover;",
      "block_action_button_default_disable": "borderRadius:24;backgroundColorActiveToken:static-white-hover;paddingBottom:10;borderColor:#dee0e3;backgroundColorHoverDarkMode:#ffffff;marginTop:16;backgroundColorHoverToken:static-white-hover;borderColorDarkMode:#5f5f5f;height:40;borderColorToken:line-border-card;backgroundColorHover:#ffffff;borderWidth:1.0;flexWrap:noWrap;justifyContent:center;backgroundColorActiveDarkMode:#1AFFFFFF;backgroundColorActive:#ffffff;paddingLeft:36;alignItems:center;width:100%;paddingTop:10;paddingRight:36;",
      "block_action_button_default_flow": "borderRadius:24;backgroundColorActiveToken:udtoken-btn-se-bg-neutral-pressed;paddingLeft:36;height:40;borderColorToken:line-border-component;justifyContent:center;backgroundColorActiveDarkMode:#33F0F0F0;borderColorDarkMode:#F0F0F0;marginTop:16;backgroundColorHover:#EFF0F1;borderWidth:1.0;flexWrap:noWrap;backgroundColorActive:#DEE0E3;marginRight:12;paddingBottom:10;borderColor:#DEE0E3;paddingRight:36;width:auto;paddingTop:10;alignItems:center;",
      "block_action_button_default_flow_disable": "justifyContent:center;borderWidth:1.0;backgroundColorActive:#ffffff;paddingLeft:36;width:auto;marginTop:16;flexWrap:noWrap;borderRadius:24;backgroundColorHoverToken:static-white-hover;paddingTop:10;borderColorToken:line-border-card;backgroundColorHover:#ffffff;backgroundColorHoverDarkMode:#ffffff;paddingRight:36;alignItems:center;height:40;backgroundColorActiveDarkMode:#1AFFFFFF;marginRight:12;paddingBottom:10;borderColor:#dee0e3;borderColorDarkMode:#5f5f5f;backgroundColorActiveToken:static-white-hover;",
      "block_action_button_default_t": "borderRadius:24;paddingRight:36;borderColorToken:line-border-component;flexWrap:noWrap;backgroundColorActive:#DEE0E3;marginTop:0;justifyContent:center;width:100%;paddingTop:10;height:40;paddingBottom:10;borderColorDarkMode:#F0F0F0;backgroundColorActiveToken:udtoken-btn-se-bg-neutral-pressed;paddingLeft:36;alignItems:center;backgroundColorHover:#EFF0F1;borderColor:#DEE0E3;borderWidth:1.0;backgroundColorActiveDarkMode:#33F0F0F0;",
      "block_action_button_default_t_disable": "justifyContent:center;backgroundColorHover:#ffffff;paddingRight:36;backgroundColorHoverToken:static-white-hover;backgroundColorActiveToken:static-white-hover;borderColorDarkMode:#5f5f5f;paddingLeft:36;backgroundColorActive:#ffffff;backgroundColorActiveDarkMode:#1AFFFFFF;marginTop:0;height:40;flexWrap:noWrap;paddingTop:10;borderColorToken:line-border-card;alignItems:center;width:100%;borderRadius:24;paddingBottom:10;borderWidth:1.0;borderColor:#dee0e3;backgroundColorHoverDarkMode:#ffffff;",
      "block_action_button_link": "paddingRight:36;fontWeight:normal;maxWidth:100%;alignItems:center;flexWrap:noWrap;marginTop:16;",
      "block_action_button_link_t": "fontWeight:normal;maxWidth:100%;alignItems:center;flexWrap:noWrap;marginTop:0;paddingRight:36;",
      "block_action_button_primary": "paddingBottom:10;backgroundColorActiveDarkMode:#4C4382FF;justifyContent:center;flexWrap:noWrap;paddingTop:10;disabledTextColor:#82a7fc;width:100%;paddingLeft:36;backgroundColorActiveToken:udtoken-btn-se-bg-pri-pressed;borderWidth:1.0;borderColorToken:primary-pri-500;borderRadius:24;marginTop:16;borderColorDarkMode:#4382FF;height:40;disabledBorderColor:#82a7fc;borderColor:#3370ff;backgroundColorHover:#e1eaff;alignItems:center;paddingRight:36;backgroundColorActive:#bacefd;",
      "block_action_button_primary_2": "paddingTop:10;backgroundColorHover:#e1eaff;alignItems:center;flexGrow:0;flexWrap:noWrap;borderWidth:1.0;paddingBottom:10;backgroundColorActiveDarkMode:#4C4382FF;height:40;borderColor:#3370ff;width:48%;backgroundColorActiveToken:udtoken-btn-se-bg-pri-pressed;paddingRight:24;disabledBorderColor:#82a7fc;borderColorDarkMode:#4382FF;backgroundColorActive:#bacefd;disabledTextColor:#82a7fc;marginTop:16;borderColorToken:primary-pri-500;paddingLeft:24;justifyContent:center;borderRadius:24;",
      "block_action_button_primary_2_disable": "borderWidth:1.0;height:40;backgroundColorActiveToken:static-white-hover;justifyContent:center;alignItems:center;paddingBottom:10;paddingLeft:24;borderColor:#82a7fc;borderRadius:24;paddingTop:10;borderColorDarkMode:#2851a3;marginTop:16;paddingRight:24;backgroundColorHover:#ffffff;flexWrap:noWrap;disabledTextColor:#82a7fc;width:48%;backgroundColorHoverDarkMode:#ffffff;backgroundColorActive:#ffffff;backgroundColorActiveDarkMode:#1AFFFFFF;backgroundColorHoverToken:static-white-hover;disabledBorderColor:#82a7fc;borderColorToken:primary-pri-300;flexGrow:0;",
      "block_action_button_primary_2_l": "backgroundColorActiveToken:udtoken-btn-se-bg-pri-pressed;alignItems:center;borderColorDarkMode:#4382FF;disabledTextColor:#82a7fc;backgroundColorActive:#bacefd;borderWidth:1.0;paddingBottom:10;disabledBorderColor:#82a7fc;width:48%;flexWrap:noWrap;backgroundColorHover:#e1eaff;paddingTop:10;flexGrow:0;paddingRight:24;borderColorToken:primary-pri-500;height:40;borderColor:#3370ff;marginTop:16;borderRadius:24;paddingLeft:24;backgroundColorActiveDarkMode:#4C4382FF;justifyContent:center;",
      "block_action_button_primary_2_l_disable": "disabledBorderColor:#82a7fc;flexGrow:0;backgroundColorActive:#ffffff;backgroundColorHoverDarkMode:#ffffff;borderColorToken:primary-pri-300;paddingRight:24;backgroundColorActiveToken:static-white-hover;paddingLeft:24;backgroundColorHoverToken:static-white-hover;paddingBottom:10;disabledTextColor:#82a7fc;justifyContent:center;borderWidth:1.0;paddingTop:10;borderRadius:24;height:40;flexWrap:noWrap;marginTop:16;backgroundColorHover:#ffffff;backgroundColorActiveDarkMode:#1AFFFFFF;width:48%;borderColor:#82a7fc;borderColorDarkMode:#2851a3;alignItems:center;",
      "block_action_button_primary_2_r": "flexWrap:noWrap;alignItems:center;disabledTextColor:#82a7fc;backgroundColorActiveDarkMode:#4C4382FF;borderColorDarkMode:#4382FF;backgroundColorActive:#bacefd;borderColor:#3370ff;paddingTop:10;backgroundColorActiveToken:udtoken-btn-se-bg-pri-pressed;width:48%;paddingBottom:10;borderColorToken:primary-pri-500;paddingLeft:24;borderWidth:1.0;borderRadius:24;marginTop:16;paddingRight:24;height:40;backgroundColorHover:#e1eaff;disabledBorderColor:#82a7fc;justifyContent:center;flexGrow:0;",
      "block_action_button_primary_2_r_disable": "height:40;disabledBorderColor:#82a7fc;justifyContent:center;borderColor:#82a7fc;borderColorToken:primary-pri-300;paddingRight:24;alignItems:center;borderWidth:1.0;borderRadius:24;disabledTextColor:#82a7fc;backgroundColorActiveToken:static-white-hover;paddingBottom:10;flexGrow:0;backgroundColorActive:#ffffff;backgroundColorHover:#ffffff;paddingTop:10;width:48%;backgroundColorHoverDarkMode:#ffffff;paddingLeft:24;marginTop:16;flexWrap:noWrap;backgroundColorActiveDarkMode:#1AFFFFFF;backgroundColorHoverToken:static-white-hover;borderColorDarkMode:#2851a3;",
      "block_action_button_primary_3": "borderColor:#3370ff;backgroundColorHover:#e1eaff;disabledBorderColor:#82a7fc;paddingBottom:10;borderRadius:24;backgroundColorActive:#bacefd;height:40;justifyContent:center;borderColorDarkMode:#4382FF;disabledTextColor:#82a7fc;paddingRight:24;borderWidth:1.0;alignItems:center;paddingLeft:24;backgroundColorActiveDarkMode:#4C4382FF;flexWrap:noWrap;marginTop:16;backgroundColorActiveToken:udtoken-btn-se-bg-pri-pressed;flexGrow:0;paddingTop:10;width:30.66%;borderColorToken:primary-pri-500;",
      "block_action_button_primary_3_disable": "backgroundColorActiveDarkMode:#1AFFFFFF;flexWrap:noWrap;borderColorToken:primary-pri-300;borderColorDarkMode:#2851a3;paddingBottom:10;disabledTextColor:#82a7fc;borderColor:#82a7fc;paddingLeft:24;borderRadius:24;backgroundColorHover:#ffffff;height:40;justifyContent:center;borderWidth:1.0;backgroundColorActive:#ffffff;alignItems:center;marginTop:16;width:30.66%;paddingRight:24;disabledBorderColor:#82a7fc;paddingTop:10;backgroundColorActiveToken:static-white-hover;flexGrow:0;backgroundColorHoverDarkMode:#ffffff;backgroundColorHoverToken:static-white-hover;",
      "block_action_button_primary_3_l": "backgroundColorActive:#bacefd;height:40;flexGrow:0;alignItems:center;backgroundColorActiveToken:udtoken-btn-se-bg-pri-pressed;paddingBottom:10;backgroundColorHover:#e1eaff;borderWidth:1.0;backgroundColorActiveDarkMode:#4C4382FF;borderColorToken:primary-pri-500;borderColor:#3370ff;flexWrap:noWrap;disabledTextColor:#82a7fc;borderRadius:24;justifyContent:center;width:30.66%;marginTop:16;disabledBorderColor:#82a7fc;paddingRight:24;paddingLeft:24;borderColorDarkMode:#4382FF;paddingTop:10;",
      "block_action_button_primary_3_l_disable": "paddingRight:24;paddingBottom:10;disabledTextColor:#82a7fc;backgroundColorActiveDarkMode:#1AFFFFFF;borderRadius:24;flexWrap:noWrap;width:30.66%;borderColorToken:primary-pri-300;height:40;paddingLeft:24;flexGrow:0;borderColorDarkMode:#2851a3;paddingTop:10;backgroundColorActive:#ffffff;alignItems:center;backgroundColorHoverDarkMode:#ffffff;backgroundColorHoverToken:static-white-hover;marginTop:16;justifyContent:center;borderWidth:1.0;disabledBorderColor:#82a7fc;backgroundColorHover:#ffffff;backgroundColorActiveToken:static-white-hover;borderColor:#82a7fc;",
      "block_action_button_primary_3_r": "disabledBorderColor:#82a7fc;paddingLeft:24;alignItems:center;width:30.66%;backgroundColorActiveToken:udtoken-btn-se-bg-pri-pressed;flexWrap:noWrap;borderRadius:24;flexGrow:0;paddingTop:10;backgroundColorActive:#bacefd;paddingRight:24;justifyContent:center;height:40;disabledTextColor:#82a7fc;borderWidth:1.0;marginTop:16;backgroundColorActiveDarkMode:#4C4382FF;paddingBottom:10;backgroundColorHover:#e1eaff;borderColor:#3370ff;borderColorDarkMode:#4382FF;borderColorToken:primary-pri-500;",
      "block_action_button_primary_3_r_disable": "paddingTop:10;borderColorToken:primary-pri-300;borderColorDarkMode:#2851a3;borderColor:#82a7fc;paddingBottom:10;borderWidth:1.0;backgroundColorActive:#ffffff;width:30.66%;justifyContent:center;paddingLeft:24;borderRadius:24;backgroundColorActiveToken:static-white-hover;disabledBorderColor:#82a7fc;backgroundColorHoverDarkMode:#ffffff;backgroundColorHover:#ffffff;alignItems:center;disabledTextColor:#82a7fc;flexGrow:0;paddingRight:24;flexWrap:noWrap;backgroundColorHoverToken:static-white-hover;height:40;marginTop:16;backgroundColorActiveDarkMode:#1AFFFFFF;",
      "block_action_button_primary_disable": "width:100%;backgroundColorActiveDarkMode:#1AFFFFFF;backgroundColorActiveToken:static-white-hover;backgroundColorActive:#ffffff;paddingBottom:10;alignItems:center;marginTop:16;backgroundColorHover:#ffffff;height:40;disabledBorderColor:#82a7fc;justifyContent:center;flexWrap:noWrap;borderColorDarkMode:#2851a3;disabledTextColor:#82a7fc;borderColorToken:primary-pri-300;backgroundColorHoverToken:static-white-hover;backgroundColorHoverDarkMode:#ffffff;borderRadius:24;paddingLeft:36;borderWidth:1.0;paddingRight:36;paddingTop:10;borderColor:#82a7fc;",
      "block_action_button_primary_flow": "height:40;borderColor:#3370ff;marginRight:12;paddingLeft:36;width:auto;marginTop:16;borderWidth:1.0;borderRadius:24;flexWrap:noWrap;borderColorToken:primary-pri-500;backgroundColorActiveToken:udtoken-btn-se-bg-pri-pressed;paddingBottom:10;paddingRight:36;backgroundColorHover:#e1eaff;justifyContent:center;alignItems:center;disabledTextColor:#82a7fc;borderColorDarkMode:#4382FF;disabledBorderColor:#82a7fc;backgroundColorActive:#bacefd;backgroundColorActiveDarkMode:#4C4382FF;paddingTop:10;",
      "block_action_button_primary_flow_disable": "borderColor:#82a7fc;backgroundColorHover:#ffffff;height:40;disabledTextColor:#82a7fc;backgroundColorActiveDarkMode:#1AFFFFFF;backgroundColorHoverDarkMode:#ffffff;borderRadius:24;marginRight:12;paddingLeft:36;alignItems:center;paddingTop:10;borderColorDarkMode:#2851a3;justifyContent:center;paddingBottom:10;borderColorToken:primary-pri-300;paddingRight:36;backgroundColorActive:#ffffff;flexWrap:noWrap;disabledBorderColor:#82a7fc;marginTop:16;backgroundColorHoverToken:static-white-hover;borderWidth:1.0;backgroundColorActiveToken:static-white-hover;width:auto;",
      "block_action_button_primary_t": "paddingRight:36;disabledBorderColor:#82a7fc;flexWrap:noWrap;alignItems:center;width:100%;marginTop:0;height:40;borderRadius:24;paddingLeft:36;backgroundColorActive:#bacefd;backgroundColorActiveToken:udtoken-btn-se-bg-pri-pressed;paddingTop:10;borderWidth:1.0;borderColorDarkMode:#4382FF;paddingBottom:10;justifyContent:center;backgroundColorHover:#e1eaff;backgroundColorActiveDarkMode:#4C4382FF;borderColorToken:primary-pri-500;borderColor:#3370ff;disabledTextColor:#82a7fc;",
      "block_action_button_primary_t_disable": "disabledBorderColor:#82a7fc;alignItems:center;backgroundColorActiveToken:static-white-hover;borderWidth:1.0;disabledTextColor:#82a7fc;backgroundColorHoverDarkMode:#ffffff;borderColorToken:primary-pri-300;paddingRight:36;width:100%;backgroundColorActive:#ffffff;backgroundColorHover:#ffffff;height:40;backgroundColorHoverToken:static-white-hover;borderColorDarkMode:#2851a3;borderRadius:24;marginTop:0;justifyContent:center;paddingBottom:10;paddingLeft:36;flexWrap:noWrap;backgroundColorActiveDarkMode:#1AFFFFFF;paddingTop:10;borderColor:#82a7fc;",
      "block_action_center": "paddingLeft:24;paddingRight:24;flexGrow:0;marginTop:16;",
      "block_action_datepicker": "backgroundColorActiveToken:udtoken-btn-se-bg-neutral-hover;justifyContent:center;paddingBottom:10;backgroundColorActive:#DEE0E3;paddingRight:15;borderColorToken:line-border-component;flexWrap:noWrap;height:40;borderRadius:24;backgroundColorActiveDarkMode:#66F0F0F0;borderWidth:1.0;marginTop:16;width:100%;PCpaddingTop:0;paddingLeft:16;borderColorDarkMode:#F0F0F0;borderColor:#DEE0E3;alignItems:center;paddingTop:10;PCpaddingBottom:0;",
      "block_action_datepicker_2": "borderRadius:24;backgroundColorActiveToken:udtoken-btn-se-bg-neutral-hover;flexGrow:0;backgroundColorActive:#DEE0E3;height:40;borderWidth:1.0;alignItems:center;paddingRight:24;PCpaddingBottom:0;width:48%;paddingLeft:24;PCpaddingTop:0;marginTop:16;flexWrap:noWrap;paddingBottom:10;borderColor:#DEE0E3;backgroundColorActiveDarkMode:#66F0F0F0;borderColorDarkMode:#F0F0F0;justifyContent:center;borderColorToken:line-border-component;paddingTop:10;",
      "block_action_datepicker_2_disable": "borderColorDarkMode:#5f5f5f;borderColor:#dee0e3;paddingTop:10;backgroundColorActive:#ffffff;flexGrow:0;paddingBottom:10;flexWrap:noWrap;backgroundColorHoverToken:static-white-hover;backgroundColorHoverDarkMode:#ffffff;backgroundColorHover:#ffffff;PCpaddingBottom:0;backgroundColorActiveToken:static-white-hover;backgroundColorActiveDarkMode:#1AFFFFFF;marginTop:16;alignItems:center;borderColorToken:line-border-card;borderWidth:1.0;PCpaddingTop:0;borderRadius:24;height:40;paddingLeft:24;width:48%;justifyContent:center;paddingRight:24;",
      "block_action_datepicker_2_l": "PCpaddingBottom:0;width:48%;backgroundColorActiveToken:udtoken-btn-se-bg-neutral-hover;backgroundColorActive:#DEE0E3;backgroundColorActiveDarkMode:#66F0F0F0;alignItems:center;borderWidth:1.0;PCpaddingTop:0;flexWrap:noWrap;borderColorToken:line-border-component;height:40;paddingTop:10;borderColor:#DEE0E3;borderRadius:24;marginTop:16;paddingLeft:24;flexGrow:0;justifyContent:center;paddingRight:24;borderColorDarkMode:#F0F0F0;paddingBottom:10;",
      "block_action_datepicker_2_l_disable": "paddingRight:24;height:40;backgroundColorHoverDarkMode:#ffffff;backgroundColorActiveToken:static-white-hover;flexWrap:noWrap;borderColorDarkMode:#5f5f5f;PCpaddingBottom:0;borderWidth:1.0;backgroundColorHover:#ffffff;backgroundColorHoverToken:static-white-hover;paddingBottom:10;paddingTop:10;backgroundColorActiveDarkMode:#1AFFFFFF;borderColor:#dee0e3;paddingLeft:24;PCpaddingTop:0;width:48%;borderRadius:24;flexGrow:0;borderColorToken:line-border-card;alignItems:center;backgroundColorActive:#ffffff;marginTop:16;justifyContent:center;",
      "block_action_datepicker_2_r": "borderColorToken:line-border-component;flexWrap:noWrap;height:40;justifyContent:center;flexGrow:0;backgroundColorActiveToken:udtoken-btn-se-bg-neutral-hover;width:48%;paddingRight:24;backgroundColorActive:#DEE0E3;borderRadius:24;borderColor:#DEE0E3;paddingLeft:24;borderColorDarkMode:#F0F0F0;PCpaddingBottom:0;paddingTop:10;PCpaddingTop:0;borderWidth:1.0;paddingBottom:10;backgroundColorActiveDarkMode:#66F0F0F0;alignItems:center;marginTop:16;",
      "block_action_datepicker_2_r_disable": "paddingLeft:24;backgroundColorActiveDarkMode:#1AFFFFFF;borderColorToken:line-border-card;justifyContent:center;borderColor:#dee0e3;height:40;paddingBottom:10;flexGrow:0;borderRadius:24;marginTop:16;borderWidth:1.0;PCpaddingTop:0;borderColorDarkMode:#5f5f5f;alignItems:center;paddingTop:10;paddingRight:24;flexWrap:noWrap;PCpaddingBottom:0;backgroundColorActive:#ffffff;width:48%;backgroundColorActiveToken:static-white-hover;backgroundColorHoverToken:static-white-hover;backgroundColorHover:#ffffff;backgroundColorHoverDarkMode:#ffffff;",
      "block_action_datepicker_3": "borderRadius:24;alignItems:center;flexWrap:noWrap;paddingBottom:10;PCpaddingBottom:0;width:30.66%;backgroundColorActiveDarkMode:#66F0F0F0;paddingRight:24;borderColor:#DEE0E3;borderWidth:1.0;borderColorDarkMode:#F0F0F0;marginTop:16;flexGrow:0;paddingLeft:24;height:40;borderColorToken:line-border-component;paddingTop:10;PCpaddingTop:0;backgroundColorActive:#DEE0E3;backgroundColorActiveToken:udtoken-btn-se-bg-neutral-hover;justifyContent:center;",
      "block_action_datepicker_3_disable": "backgroundColorActiveDarkMode:#1AFFFFFF;paddingBottom:10;paddingRight:24;backgroundColorHoverToken:static-white-hover;borderColorDarkMode:#5f5f5f;marginTop:16;flexGrow:0;PCpaddingTop:0;paddingTop:10;borderWidth:1.0;width:30.66%;borderColor:#dee0e3;height:40;alignItems:center;flexWrap:noWrap;backgroundColorActiveToken:static-white-hover;justifyContent:center;backgroundColorActive:#ffffff;backgroundColorHover:#ffffff;backgroundColorHoverDarkMode:#ffffff;borderColorToken:line-border-card;borderRadius:24;PCpaddingBottom:0;paddingLeft:24;",
      "block_action_datepicker_3_l": "height:40;width:30.66%;borderColorToken:line-border-component;PCpaddingBottom:0;backgroundColorActive:#DEE0E3;borderColor:#DEE0E3;borderColorDarkMode:#F0F0F0;paddingBottom:10;backgroundColorActiveToken:udtoken-btn-se-bg-neutral-hover;paddingRight:24;borderRadius:24;alignItems:center;PCpaddingTop:0;justifyContent:center;flexGrow:0;flexWrap:noWrap;marginTop:16;borderWidth:1.0;paddingLeft:24;paddingTop:10;backgroundColorActiveDarkMode:#66F0F0F0;",
      "block_action_datepicker_3_l_disable": "alignItems:center;backgroundColorActiveToken:static-white-hover;borderWidth:1.0;PCpaddingBottom:0;marginTop:16;borderColorDarkMode:#5f5f5f;justifyContent:center;height:40;backgroundColorActiveDarkMode:#1AFFFFFF;width:30.66%;paddingRight:24;paddingTop:10;borderRadius:24;backgroundColorHoverToken:static-white-hover;borderColor:#dee0e3;borderColorToken:line-border-card;PCpaddingTop:0;flexWrap:noWrap;flexGrow:0;paddingLeft:24;paddingBottom:10;backgroundColorActive:#ffffff;backgroundColorHoverDarkMode:#ffffff;backgroundColorHover:#ffffff;",
      "block_action_datepicker_3_r": "justifyContent:center;paddingRight:24;marginTop:16;flexGrow:0;PCpaddingTop:0;paddingLeft:24;borderColorDarkMode:#F0F0F0;borderWidth:1.0;width:30.66%;alignItems:center;borderRadius:24;borderColor:#DEE0E3;PCpaddingBottom:0;borderColorToken:line-border-component;paddingTop:10;paddingBottom:10;backgroundColorActive:#DEE0E3;backgroundColorActiveDarkMode:#66F0F0F0;backgroundColorActiveToken:udtoken-btn-se-bg-neutral-hover;flexWrap:noWrap;height:40;",
      "block_action_datepicker_3_r_disable": "paddingBottom:10;paddingRight:24;borderWidth:1.0;backgroundColorHoverToken:static-white-hover;backgroundColorHover:#ffffff;paddingLeft:24;borderColorDarkMode:#5f5f5f;flexWrap:noWrap;width:30.66%;backgroundColorActiveToken:static-white-hover;height:40;PCpaddingTop:0;backgroundColorActive:#ffffff;justifyContent:center;borderColorToken:line-border-card;alignItems:center;PCpaddingBottom:0;borderRadius:24;backgroundColorHoverDarkMode:#ffffff;borderColor:#dee0e3;flexGrow:0;backgroundColorActiveDarkMode:#1AFFFFFF;paddingTop:10;marginTop:16;",
      "block_action_datepicker_disable": "backgroundColorActiveToken:static-white-hover;backgroundColorActiveDarkMode:#1AFFFFFF;borderColorToken:line-border-card;borderColorDarkMode:#5f5f5f;paddingTop:10;justifyContent:center;backgroundColorHover:#ffffff;backgroundColorHoverToken:static-white-hover;flexWrap:noWrap;paddingRight:15;marginTop:16;backgroundColorActive:#ffffff;borderRadius:24;PCpaddingTop:0;backgroundColorHoverDarkMode:#ffffff;paddingLeft:16;borderColor:#dee0e3;alignItems:center;height:40;PCpaddingBottom:0;borderWidth:1.0;paddingBottom:10;width:100%;",
      "block_action_datepicker_flow": "width:auto;height:40;paddingTop:10;PCpaddingTop:0;justifyContent:center;alignItems:center;backgroundColorActiveToken:udtoken-btn-se-bg-neutral-hover;flexWrap:noWrap;paddingLeft:16;paddingRight:15;borderRadius:24;borderColorDarkMode:#F0F0F0;marginTop:16;backgroundColorActive:#DEE0E3;marginRight:12;borderColorToken:line-border-component;PCpaddingBottom:0;borderWidth:1.0;backgroundColorActiveDarkMode:#66F0F0F0;borderColor:#DEE0E3;paddingBottom:10;",
      "block_action_datepicker_flow_disable": "borderRadius:24;backgroundColorActiveToken:static-white-hover;width:auto;borderColorDarkMode:#5f5f5f;alignItems:center;paddingBottom:10;backgroundColorHover:#ffffff;backgroundColorHoverToken:static-white-hover;PCpaddingTop:0;paddingRight:15;justifyContent:center;backgroundColorActiveDarkMode:#1AFFFFFF;marginRight:12;flexWrap:noWrap;PCpaddingBottom:0;paddingLeft:16;marginTop:16;borderWidth:1.0;borderColor:#dee0e3;backgroundColorActive:#ffffff;backgroundColorHoverDarkMode:#ffffff;borderColorToken:line-border-card;paddingTop:10;height:40;",
      "block_action_datepicker_t": "height:40;PCpaddingBottom:0;backgroundColorActiveToken:udtoken-btn-se-bg-neutral-hover;PCpaddingTop:0;justifyContent:center;paddingTop:10;paddingLeft:16;borderWidth:1.0;borderRadius:24;marginTop:0;borderColor:#DEE0E3;borderColorToken:line-border-component;backgroundColorActive:#DEE0E3;borderColorDarkMode:#F0F0F0;width:100%;flexWrap:noWrap;alignItems:center;backgroundColorActiveDarkMode:#66F0F0F0;paddingRight:15;paddingBottom:10;",
      "block_action_datepicker_t_disable": "alignItems:center;borderColorToken:line-border-card;backgroundColorActive:#ffffff;width:100%;paddingTop:10;paddingRight:15;marginTop:0;borderColor:#dee0e3;backgroundColorHover:#ffffff;flexWrap:noWrap;PCpaddingTop:0;backgroundColorHoverDarkMode:#ffffff;backgroundColorActiveDarkMode:#1AFFFFFF;paddingBottom:10;backgroundColorActiveToken:static-white-hover;PCpaddingBottom:0;paddingLeft:16;justifyContent:center;borderWidth:1.0;borderRadius:24;height:40;borderColorDarkMode:#5f5f5f;backgroundColorHoverToken:static-white-hover;",
      "block_action_datetimepicker": "paddingRight:15;marginTop:16;paddingTop:10;PCpaddingTop:0;borderColor:#DEE0E3;paddingBottom:10;PCpaddingBottom:0;borderColorToken:line-border-component;height:40;width:100%;borderWidth:1.0;paddingLeft:16;borderColorDarkMode:#F0F0F0;flexWrap:noWrap;justifyContent:center;alignItems:center;borderRadius:24;backgroundColorActiveDarkMode:#66F0F0F0;backgroundColorActiveToken:udtoken-btn-se-bg-neutral-hover;backgroundColorActive:#DEE0E3;",
      "block_action_datetimepicker_2": "PCpaddingBottom:0;paddingBottom:10;paddingTop:10;borderWidth:1.0;borderColor:#DEE0E3;borderColorDarkMode:#F0F0F0;PCpaddingTop:0;marginTop:16;paddingLeft:24;flexGrow:0;flexWrap:noWrap;justifyContent:center;borderRadius:24;width:48%;backgroundColorActive:#DEE0E3;paddingRight:24;backgroundColorActiveToken:udtoken-btn-se-bg-neutral-hover;borderColorToken:line-border-component;alignItems:center;height:40;backgroundColorActiveDarkMode:#66F0F0F0;",
      "block_action_datetimepicker_2_disable": "backgroundColorActiveToken:static-white-hover;backgroundColorActive:#ffffff;paddingRight:24;paddingTop:10;backgroundColorHoverDarkMode:#ffffff;borderColorToken:line-border-card;borderWidth:1.0;marginTop:16;borderRadius:24;justifyContent:center;PCpaddingBottom:0;backgroundColorActiveDarkMode:#1AFFFFFF;PCpaddingTop:0;backgroundColorHover:#ffffff;borderColorDarkMode:#5f5f5f;paddingBottom:10;borderColor:#dee0e3;paddingLeft:24;height:40;flexWrap:noWrap;flexGrow:0;alignItems:center;width:48%;backgroundColorHoverToken:static-white-hover;",
      "block_action_datetimepicker_2_l": "borderColorToken:line-border-component;justifyContent:center;PCpaddingTop:0;paddingRight:24;paddingTop:10;flexGrow:0;backgroundColorActive:#DEE0E3;backgroundColorActiveToken:udtoken-btn-se-bg-neutral-hover;paddingBottom:10;PCpaddingBottom:0;height:40;borderColorDarkMode:#F0F0F0;borderWidth:1.0;width:48%;paddingLeft:24;marginTop:16;borderRadius:24;borderColor:#DEE0E3;alignItems:center;backgroundColorActiveDarkMode:#66F0F0F0;flexWrap:noWrap;",
      "block_action_datetimepicker_2_l_disable": "width:48%;borderColor:#dee0e3;flexGrow:0;backgroundColorHoverToken:static-white-hover;PCpaddingBottom:0;alignItems:center;paddingLeft:24;borderColorToken:line-border-card;backgroundColorHover:#ffffff;paddingTop:10;flexWrap:noWrap;backgroundColorActiveDarkMode:#1AFFFFFF;backgroundColorActive:#ffffff;height:40;borderWidth:1.0;backgroundColorActiveToken:static-white-hover;justifyContent:center;paddingBottom:10;backgroundColorHoverDarkMode:#ffffff;borderRadius:24;marginTop:16;paddingRight:24;borderColorDarkMode:#5f5f5f;PCpaddingTop:0;",
      "block_action_datetimepicker_2_r": "paddingRight:24;PCpaddingTop:0;borderColor:#DEE0E3;borderRadius:24;borderColorToken:line-border-component;borderColorDarkMode:#F0F0F0;flexWrap:noWrap;paddingBottom:10;alignItems:center;borderWidth:1.0;height:40;backgroundColorActive:#DEE0E3;width:48%;paddingTop:10;PCpaddingBottom:0;paddingLeft:24;backgroundColorActiveDarkMode:#66F0F0F0;backgroundColorActiveToken:udtoken-btn-se-bg-neutral-hover;flexGrow:0;justifyContent:center;marginTop:16;",
      "block_action_datetimepicker_2_r_disable": "borderWidth:1.0;borderColorToken:line-border-card;flexGrow:0;justifyContent:center;backgroundColorHover:#ffffff;backgroundColorActiveDarkMode:#1AFFFFFF;alignItems:center;width:48%;backgroundColorHoverToken:static-white-hover;backgroundColorActive:#ffffff;backgroundColorHoverDarkMode:#ffffff;borderColor:#dee0e3;PCpaddingBottom:0;paddingBottom:10;marginTop:16;height:40;flexWrap:noWrap;paddingLeft:24;backgroundColorActiveToken:static-white-hover;paddingTop:10;borderRadius:24;paddingRight:24;PCpaddingTop:0;borderColorDarkMode:#5f5f5f;",
      "block_action_datetimepicker_3": "PCpaddingBottom:0;borderColorDarkMode:#F0F0F0;borderRadius:24;PCpaddingTop:0;paddingBottom:10;backgroundColorActive:#DEE0E3;width:30.66%;paddingLeft:24;backgroundColorActiveDarkMode:#66F0F0F0;height:40;marginTop:16;borderWidth:1.0;borderColorToken:line-border-component;paddingRight:24;borderColor:#DEE0E3;paddingTop:10;alignItems:center;justifyContent:center;backgroundColorActiveToken:udtoken-btn-se-bg-neutral-hover;flexWrap:noWrap;flexGrow:0;",
      "block_action_datetimepicker_3_disable": "flexWrap:noWrap;borderColor:#dee0e3;PCpaddingTop:0;justifyContent:center;width:30.66%;paddingRight:24;height:40;PCpaddingBottom:0;paddingTop:10;backgroundColorHoverToken:static-white-hover;borderColorToken:line-border-card;backgroundColorActive:#ffffff;marginTop:16;borderRadius:24;borderColorDarkMode:#5f5f5f;flexGrow:0;backgroundColorActiveDarkMode:#1AFFFFFF;backgroundColorActiveToken:static-white-hover;paddingBottom:10;backgroundColorHoverDarkMode:#ffffff;paddingLeft:24;borderWidth:1.0;alignItems:center;backgroundColorHover:#ffffff;",
      "block_action_datetimepicker_3_l": "width:30.66%;backgroundColorActiveDarkMode:#66F0F0F0;paddingRight:24;backgroundColorActive:#DEE0E3;marginTop:16;paddingTop:10;borderRadius:24;paddingBottom:10;PCpaddingBottom:0;justifyContent:center;borderWidth:1.0;alignItems:center;paddingLeft:24;borderColorToken:line-border-component;backgroundColorActiveToken:udtoken-btn-se-bg-neutral-hover;borderColorDarkMode:#F0F0F0;flexWrap:noWrap;height:40;PCpaddingTop:0;borderColor:#DEE0E3;flexGrow:0;",
      "block_action_datetimepicker_3_l_disable": "paddingLeft:24;paddingBottom:10;justifyContent:center;backgroundColorHover:#ffffff;backgroundColorHoverToken:static-white-hover;flexGrow:0;paddingRight:24;paddingTop:10;alignItems:center;backgroundColorActiveDarkMode:#1AFFFFFF;height:40;borderColorToken:line-border-card;backgroundColorActive:#ffffff;flexWrap:noWrap;borderWidth:1.0;backgroundColorHoverDarkMode:#ffffff;PCpaddingTop:0;marginTop:16;borderRadius:24;PCpaddingBottom:0;width:30.66%;borderColorDarkMode:#5f5f5f;borderColor:#dee0e3;backgroundColorActiveToken:static-white-hover;",
      "block_action_datetimepicker_3_r": "paddingLeft:24;backgroundColorActiveToken:udtoken-btn-se-bg-neutral-hover;paddingBottom:10;backgroundColorActive:#DEE0E3;borderColorDarkMode:#F0F0F0;borderWidth:1.0;borderColor:#DEE0E3;paddingRight:24;flexWrap:noWrap;width:30.66%;marginTop:16;paddingTop:10;PCpaddingTop:0;height:40;justifyContent:center;PCpaddingBottom:0;backgroundColorActiveDarkMode:#66F0F0F0;flexGrow:0;borderColorToken:line-border-component;alignItems:center;borderRadius:24;",
      "block_action_datetimepicker_3_r_disable": "backgroundColorHoverToken:static-white-hover;borderColor:#dee0e3;backgroundColorActive:#ffffff;paddingBottom:10;width:30.66%;PCpaddingTop:0;PCpaddingBottom:0;borderWidth:1.0;height:40;paddingLeft:24;borderRadius:24;marginTop:16;backgroundColorHoverDarkMode:#ffffff;borderColorDarkMode:#5f5f5f;borderColorToken:line-border-card;backgroundColorActiveDarkMode:#1AFFFFFF;alignItems:center;flexGrow:0;paddingTop:10;backgroundColorHover:#ffffff;backgroundColorActiveToken:static-white-hover;flexWrap:noWrap;paddingRight:24;justifyContent:center;",
      "block_action_datetimepicker_disable": "width:100%;PCpaddingBottom:0;marginTop:16;paddingRight:15;PCpaddingTop:0;justifyContent:center;alignItems:center;backgroundColorActive:#ffffff;backgroundColorActiveDarkMode:#1AFFFFFF;borderRadius:24;borderColorDarkMode:#5f5f5f;backgroundColorActiveToken:static-white-hover;borderColorToken:line-border-card;borderColor:#dee0e3;backgroundColorHoverDarkMode:#ffffff;backgroundColorHover:#ffffff;backgroundColorHoverToken:static-white-hover;borderWidth:1.0;paddingBottom:10;height:40;flexWrap:noWrap;paddingTop:10;paddingLeft:16;",
      "block_action_datetimepicker_flow": "flexWrap:noWrap;backgroundColorActive:#DEE0E3;height:40;PCpaddingTop:0;borderColor:#DEE0E3;paddingBottom:10;backgroundColorActiveToken:udtoken-btn-se-bg-neutral-hover;paddingTop:10;borderColorDarkMode:#F0F0F0;borderRadius:24;paddingLeft:16;PCpaddingBottom:0;paddingRight:15;marginTop:16;width:auto;borderWidth:1.0;justifyContent:center;alignItems:center;borderColorToken:line-border-component;backgroundColorActiveDarkMode:#66F0F0F0;marginRight:12;",
      "block_action_datetimepicker_flow_disable": "width:auto;justifyContent:center;paddingTop:10;flexWrap:noWrap;PCpaddingBottom:0;backgroundColorActive:#ffffff;borderRadius:24;borderWidth:1.0;backgroundColorActiveDarkMode:#1AFFFFFF;borderColorToken:line-border-card;backgroundColorHoverDarkMode:#ffffff;paddingRight:15;height:40;PCpaddingTop:0;backgroundColorHover:#ffffff;paddingLeft:16;backgroundColorActiveToken:static-white-hover;borderColor:#dee0e3;paddingBottom:10;alignItems:center;borderColorDarkMode:#5f5f5f;marginTop:16;marginRight:12;backgroundColorHoverToken:static-white-hover;",
      "block_action_datetimepicker_t": "PCpaddingTop:0;backgroundColorActiveToken:udtoken-btn-se-bg-neutral-hover;borderRadius:24;justifyContent:center;borderColorDarkMode:#F0F0F0;paddingTop:10;width:100%;paddingBottom:10;borderWidth:1.0;borderColor:#DEE0E3;paddingRight:15;paddingLeft:16;alignItems:center;flexWrap:noWrap;PCpaddingBottom:0;backgroundColorActiveDarkMode:#66F0F0F0;marginTop:0;backgroundColorActive:#DEE0E3;height:40;borderColorToken:line-border-component;",
      "block_action_datetimepicker_t_disable": "backgroundColorHoverToken:static-white-hover;backgroundColorActive:#ffffff;backgroundColorActiveDarkMode:#1AFFFFFF;PCpaddingBottom:0;borderRadius:24;marginTop:0;paddingLeft:16;flexWrap:noWrap;borderWidth:1.0;PCpaddingTop:0;paddingRight:15;borderColorToken:line-border-card;borderColor:#dee0e3;justifyContent:center;backgroundColorActiveToken:static-white-hover;height:40;paddingTop:10;borderColorDarkMode:#5f5f5f;backgroundColorHoverDarkMode:#ffffff;backgroundColorHover:#ffffff;alignItems:center;width:100%;paddingBottom:10;",
      "block_action_flow": "width:auto;marginTop:16;marginRight:12;",
      "block_action_left": "paddingRight:24;flexGrow:0;marginTop:16;paddingLeft:24;",
      "block_action_overflow": "borderColorDarkMode:#F0F0F0;justifyContent:center;paddingBottom:10;width:100%;height:40;borderColorToken:line-border-component;borderWidth:1.0;alignItems:center;paddingTop:10;borderRadius:24;borderColor:#DEE0E3;backgroundColorActiveDarkMode:#66F0F0F0;backgroundColorActiveToken:udtoken-btn-se-bg-neutral-hover;marginTop:16;backgroundColorHover:#EFF0F1;flexWrap:noWrap;backgroundColorActive:#DEE0E3;",
      "block_action_overflow_2": "alignItems:center;backgroundColorActive:#DEE0E3;justifyContent:center;borderColorToken:line-border-component;flexGrow:0;backgroundColorActiveToken:udtoken-btn-se-bg-neutral-hover;borderColorDarkMode:#F0F0F0;width:48%;borderRadius:24;height:40;paddingLeft:24;paddingTop:10;backgroundColorActiveDarkMode:#66F0F0F0;paddingRight:24;flexWrap:noWrap;backgroundColorHover:#EFF0F1;paddingBottom:10;borderWidth:1.0;marginTop:16;borderColor:#DEE0E3;",
      "block_action_overflow_2_disable": "height:40;borderRadius:24;paddingLeft:24;backgroundColorActive:#ffffff;borderColorToken:line-border-card;flexWrap:noWrap;paddingBottom:10;flexGrow:0;borderWidth:1.0;paddingTop:10;paddingRight:24;backgroundColorHover:#ffffff;alignItems:center;width:48%;backgroundColorActiveToken:static-white-hover;backgroundColorHoverToken:static-white-hover;backgroundColorActiveDarkMode:#1AFFFFFF;marginTop:16;justifyContent:center;borderColorDarkMode:#5f5f5f;borderColor:#dee0e3;backgroundColorHoverDarkMode:#ffffff;",
      "block_action_overflow_2_l": "height:40;justifyContent:center;marginTop:16;backgroundColorHover:#EFF0F1;backgroundColorActiveDarkMode:#66F0F0F0;paddingRight:24;flexWrap:noWrap;paddingBottom:10;borderColor:#DEE0E3;paddingLeft:24;alignItems:center;width:48%;paddingTop:10;borderRadius:24;backgroundColorActive:#DEE0E3;borderColorDarkMode:#F0F0F0;borderColorToken:line-border-component;borderWidth:1.0;backgroundColorActiveToken:udtoken-btn-se-bg-neutral-hover;flexGrow:0;",
      "block_action_overflow_2_l_disable": "borderWidth:1.0;paddingRight:24;backgroundColorHoverToken:static-white-hover;backgroundColorActive:#ffffff;paddingLeft:24;flexGrow:0;marginTop:16;paddingTop:10;backgroundColorActiveToken:static-white-hover;borderColor:#dee0e3;backgroundColorHoverDarkMode:#ffffff;backgroundColorActiveDarkMode:#1AFFFFFF;width:48%;flexWrap:noWrap;backgroundColorHover:#ffffff;alignItems:center;borderColorToken:line-border-card;height:40;paddingBottom:10;borderColorDarkMode:#5f5f5f;borderRadius:24;justifyContent:center;",
      "block_action_overflow_2_r": "borderWidth:1.0;borderColor:#DEE0E3;paddingBottom:10;alignItems:center;borderColorToken:line-border-component;borderColorDarkMode:#F0F0F0;flexWrap:noWrap;marginTop:16;flexGrow:0;backgroundColorActiveDarkMode:#66F0F0F0;width:48%;justifyContent:center;backgroundColorActive:#DEE0E3;paddingRight:24;backgroundColorActiveToken:udtoken-btn-se-bg-neutral-hover;backgroundColorHover:#EFF0F1;height:40;paddingTop:10;borderRadius:24;paddingLeft:24;",
      "block_action_overflow_2_r_disable": "height:40;borderColor:#dee0e3;paddingLeft:24;borderRadius:24;width:48%;paddingTop:10;marginTop:16;alignItems:center;flexGrow:0;borderWidth:1.0;backgroundColorHoverDarkMode:#ffffff;backgroundColorHover:#ffffff;flexWrap:noWrap;paddingBottom:10;paddingRight:24;borderColorDarkMode:#5f5f5f;justifyContent:center;backgroundColorActiveDarkMode:#1AFFFFFF;borderColorToken:line-border-card;backgroundColorActiveToken:static-white-hover;backgroundColorActive:#ffffff;backgroundColorHoverToken:static-white-hover;",
      "block_action_overflow_3": "paddingTop:10;borderWidth:1.0;backgroundColorActiveToken:udtoken-btn-se-bg-neutral-hover;flexWrap:noWrap;paddingRight:24;flexGrow:0;backgroundColorActiveDarkMode:#66F0F0F0;borderColorDarkMode:#F0F0F0;borderColor:#DEE0E3;backgroundColorActive:#DEE0E3;marginTop:16;paddingBottom:10;borderRadius:24;height:40;paddingLeft:24;alignItems:center;width:30.66%;backgroundColorHover:#EFF0F1;borderColorToken:line-border-component;justifyContent:center;",
      "block_action_overflow_3_disable": "backgroundColorHover:#ffffff;backgroundColorActiveDarkMode:#1AFFFFFF;borderColorDarkMode:#5f5f5f;backgroundColorActive:#ffffff;borderColorToken:line-border-card;justifyContent:center;backgroundColorActiveToken:static-white-hover;height:40;borderWidth:1.0;marginTop:16;backgroundColorHoverToken:static-white-hover;flexGrow:0;paddingBottom:10;paddingTop:10;borderRadius:24;flexWrap:noWrap;paddingLeft:24;alignItems:center;width:30.66%;paddingRight:24;borderColor:#dee0e3;backgroundColorHoverDarkMode:#ffffff;",
      "block_action_overflow_3_l": "justifyContent:center;backgroundColorActiveDarkMode:#66F0F0F0;backgroundColorActiveToken:udtoken-btn-se-bg-neutral-hover;width:30.66%;paddingRight:24;flexGrow:0;borderColorDarkMode:#F0F0F0;borderRadius:24;height:40;borderColorToken:line-border-component;backgroundColorHover:#EFF0F1;paddingBottom:10;flexWrap:noWrap;backgroundColorActive:#DEE0E3;paddingTop:10;alignItems:center;paddingLeft:24;borderColor:#DEE0E3;marginTop:16;borderWidth:1.0;",
      "block_action_overflow_3_l_disable": "paddingRight:24;paddingTop:10;borderColor:#dee0e3;backgroundColorActiveDarkMode:#1AFFFFFF;flexGrow:0;paddingBottom:10;borderColorToken:line-border-card;borderWidth:1.0;backgroundColorHover:#ffffff;borderRadius:24;flexWrap:noWrap;backgroundColorHoverDarkMode:#ffffff;backgroundColorHoverToken:static-white-hover;paddingLeft:24;justifyContent:center;backgroundColorActive:#ffffff;alignItems:center;borderColorDarkMode:#5f5f5f;width:30.66%;height:40;backgroundColorActiveToken:static-white-hover;marginTop:16;",
      "block_action_overflow_3_r": "backgroundColorActiveDarkMode:#66F0F0F0;height:40;alignItems:center;borderColor:#DEE0E3;paddingRight:24;marginTop:16;paddingBottom:10;width:30.66%;backgroundColorActiveToken:udtoken-btn-se-bg-neutral-hover;backgroundColorActive:#DEE0E3;backgroundColorHover:#EFF0F1;flexGrow:0;paddingLeft:24;justifyContent:center;borderColorDarkMode:#F0F0F0;paddingTop:10;borderRadius:24;flexWrap:noWrap;borderColorToken:line-border-component;borderWidth:1.0;",
      "block_action_overflow_3_r_disable": "paddingTop:10;backgroundColorHoverDarkMode:#ffffff;borderWidth:1.0;backgroundColorActiveToken:static-white-hover;paddingLeft:24;justifyContent:center;backgroundColorHover:#ffffff;marginTop:16;paddingRight:24;alignItems:center;borderColorToken:line-border-card;borderColor:#dee0e3;flexWrap:noWrap;backgroundColorActive:#ffffff;borderColorDarkMode:#5f5f5f;flexGrow:0;width:30.66%;height:40;backgroundColorHoverToken:static-white-hover;paddingBottom:10;backgroundColorActiveDarkMode:#1AFFFFFF;borderRadius:24;",
      "block_action_overflow_disable": "width:100%;borderRadius:24;height:40;justifyContent:center;backgroundColorHover:#ffffff;alignItems:center;borderColorDarkMode:#5f5f5f;paddingTop:10;backgroundColorActiveToken:static-white-hover;marginTop:16;borderColor:#dee0e3;backgroundColorActiveDarkMode:#1AFFFFFF;backgroundColorHoverDarkMode:#ffffff;borderColorToken:line-border-card;flexWrap:noWrap;paddingBottom:10;backgroundColorActive:#ffffff;borderWidth:1.0;backgroundColorHoverToken:static-white-hover;",
      "block_action_overflow_flow": "marginTop:16;justifyContent:center;borderWidth:1.0;paddingTop:10;backgroundColorActiveDarkMode:#66F0F0F0;width:auto;borderColorToken:line-border-component;borderRadius:24;flexWrap:noWrap;borderColorDarkMode:#F0F0F0;alignItems:center;height:40;paddingBottom:10;backgroundColorActiveToken:udtoken-btn-se-bg-neutral-hover;marginRight:12;borderColor:#DEE0E3;backgroundColorHover:#EFF0F1;backgroundColorActive:#DEE0E3;",
      "block_action_overflow_flow_disable": "borderColor:#dee0e3;marginTop:16;paddingTop:10;borderColorDarkMode:#5f5f5f;height:40;justifyContent:center;backgroundColorHover:#ffffff;backgroundColorActive:#ffffff;paddingBottom:10;backgroundColorActiveDarkMode:#1AFFFFFF;borderColorToken:line-border-card;backgroundColorHoverToken:static-white-hover;borderWidth:1.0;width:auto;alignItems:center;backgroundColorActiveToken:static-white-hover;flexWrap:noWrap;backgroundColorHoverDarkMode:#ffffff;marginRight:12;borderRadius:24;",
      "block_action_overflow_t": "paddingTop:10;borderColorDarkMode:#F0F0F0;borderColor:#DEE0E3;backgroundColorHover:#EFF0F1;borderWidth:1.0;justifyContent:center;borderRadius:24;alignItems:center;backgroundColorActiveToken:udtoken-btn-se-bg-neutral-hover;backgroundColorActiveDarkMode:#66F0F0F0;marginTop:0;height:40;paddingBottom:10;flexWrap:noWrap;backgroundColorActive:#DEE0E3;width:100%;borderColorToken:line-border-component;",
      "block_action_overflow_t_disable": "backgroundColorActive:#ffffff;borderWidth:1.0;flexWrap:noWrap;borderColorDarkMode:#5f5f5f;justifyContent:center;marginTop:0;borderRadius:24;backgroundColorActiveToken:static-white-hover;paddingBottom:10;backgroundColorHover:#ffffff;borderColor:#dee0e3;backgroundColorHoverToken:static-white-hover;backgroundColorHoverDarkMode:#ffffff;height:40;alignItems:center;width:100%;borderColorToken:line-border-card;paddingTop:10;backgroundColorActiveDarkMode:#1AFFFFFF;",
      "block_action_p": "flexDirection:column;flexWrap:noWrap;marginTop:16;",
      "block_action_p_2": "flexWrap:wrap;paddingTop:0;",
      "block_action_p_3": "flexWrap:wrap;paddingTop:0;",
      "block_action_p_flow": "flexWrap:wrap;paddingTop:0;",
      "block_action_placeholder_1": "width:4%;",
      "block_action_placeholder_2": "width:0;",
      "block_action_right": "marginTop:16;paddingLeft:24;paddingRight:24;flexGrow:0;",
      "block_action_select": "borderRadius:24;alignItems:center;paddingRight:15;backgroundColorActive:#DEE0E3;paddingBottom:10;flexWrap:noWrap;height:40;paddingTop:10;width:100%;borderColorToken:line-border-component;paddingLeft:16;backgroundColorActiveToken:udtoken-btn-se-bg-neutral-hover;borderWidth:1.0;backgroundColorActiveDarkMode:#66F0F0F0;flexGrow:1;marginTop:16;borderColor:#DEE0E3;justifyContent:center;borderColorDarkMode:#F0F0F0;",
      "block_action_select_2": "flexWrap:noWrap;borderColorDarkMode:#F0F0F0;backgroundColorActive:#DEE0E3;paddingLeft:24;width:48%;backgroundColorActiveToken:udtoken-btn-se-bg-neutral-hover;borderColorToken:line-border-component;height:40;borderColor:#DEE0E3;flexGrow:0;marginTop:16;borderWidth:1.0;borderRadius:24;paddingRight:24;alignItems:center;justifyContent:center;paddingBottom:10;backgroundColorActiveDarkMode:#66F0F0F0;paddingTop:10;",
      "block_action_select_2_disable": "backgroundColorActive:#ffffff;paddingBottom:10;height:40;borderColorToken:line-border-card;flexWrap:noWrap;paddingTop:10;justifyContent:center;backgroundColorActiveDarkMode:#1AFFFFFF;alignItems:center;marginTop:16;borderColorDarkMode:#5f5f5f;flexGrow:0;backgroundColorActiveToken:static-white-hover;paddingLeft:24;borderRadius:24;backgroundColorHoverToken:static-white-hover;width:48%;paddingRight:24;borderWidth:1.0;borderColor:#dee0e3;backgroundColorHoverDarkMode:#ffffff;backgroundColorHover:#ffffff;",
      "block_action_select_2_l": "borderRadius:24;marginTop:16;alignItems:center;paddingLeft:24;borderColorToken:line-border-component;width:48%;backgroundColorActive:#DEE0E3;flexWrap:noWrap;height:40;borderWidth:1.0;paddingTop:10;borderColor:#DEE0E3;paddingRight:24;justifyContent:center;flexGrow:0;backgroundColorActiveToken:udtoken-btn-se-bg-neutral-hover;backgroundColorActiveDarkMode:#66F0F0F0;borderColorDarkMode:#F0F0F0;paddingBottom:10;",
      "block_action_select_2_l_disable": "flexWrap:noWrap;alignItems:center;borderRadius:24;backgroundColorActive:#ffffff;backgroundColorActiveDarkMode:#1AFFFFFF;paddingLeft:24;flexGrow:0;backgroundColorActiveToken:static-white-hover;height:40;borderColor:#dee0e3;borderColorToken:line-border-card;backgroundColorHoverDarkMode:#ffffff;justifyContent:center;borderColorDarkMode:#5f5f5f;paddingTop:10;borderWidth:1.0;marginTop:16;backgroundColorHover:#ffffff;width:48%;paddingRight:24;paddingBottom:10;backgroundColorHoverToken:static-white-hover;",
      "block_action_select_2_r": "width:48%;marginTop:16;paddingRight:24;borderColorToken:line-border-component;flexWrap:noWrap;borderColor:#DEE0E3;justifyContent:center;backgroundColorActiveToken:udtoken-btn-se-bg-neutral-hover;borderColorDarkMode:#F0F0F0;flexGrow:0;borderWidth:1.0;paddingLeft:24;paddingTop:10;height:40;backgroundColorActive:#DEE0E3;backgroundColorActiveDarkMode:#66F0F0F0;borderRadius:24;paddingBottom:10;alignItems:center;",
      "block_action_select_2_r_disable": "borderColorDarkMode:#5f5f5f;backgroundColorHover:#ffffff;paddingBottom:10;borderColorToken:line-border-card;flexGrow:0;borderWidth:1.0;height:40;alignItems:center;backgroundColorActive:#ffffff;paddingLeft:24;flexWrap:noWrap;width:48%;marginTop:16;backgroundColorActiveDarkMode:#1AFFFFFF;backgroundColorHoverDarkMode:#ffffff;backgroundColorHoverToken:static-white-hover;paddingRight:24;justifyContent:center;borderColor:#dee0e3;backgroundColorActiveToken:static-white-hover;borderRadius:24;paddingTop:10;",
      "block_action_select_3": "width:30.66%;flexWrap:noWrap;height:40;justifyContent:center;backgroundColorActiveToken:udtoken-btn-se-bg-neutral-hover;borderWidth:1.0;borderColor:#DEE0E3;marginTop:16;backgroundColorActive:#DEE0E3;paddingRight:24;paddingTop:10;borderColorToken:line-border-component;flexGrow:0;borderColorDarkMode:#F0F0F0;backgroundColorActiveDarkMode:#66F0F0F0;paddingLeft:24;alignItems:center;paddingBottom:10;borderRadius:24;",
      "block_action_select_3_disable": "justifyContent:center;paddingLeft:24;backgroundColorHoverDarkMode:#ffffff;backgroundColorHoverToken:static-white-hover;backgroundColorHover:#ffffff;borderColorDarkMode:#5f5f5f;flexWrap:noWrap;borderColor:#dee0e3;backgroundColorActive:#ffffff;alignItems:center;flexGrow:0;borderColorToken:line-border-card;borderRadius:24;borderWidth:1.0;paddingBottom:10;width:30.66%;paddingRight:24;backgroundColorActiveToken:static-white-hover;backgroundColorActiveDarkMode:#1AFFFFFF;height:40;paddingTop:10;marginTop:16;",
      "block_action_select_3_l": "borderColorDarkMode:#F0F0F0;borderColorToken:line-border-component;paddingBottom:10;paddingRight:24;width:30.66%;backgroundColorActive:#DEE0E3;backgroundColorActiveToken:udtoken-btn-se-bg-neutral-hover;paddingLeft:24;alignItems:center;borderColor:#DEE0E3;paddingTop:10;marginTop:16;height:40;borderWidth:1.0;flexGrow:0;flexWrap:noWrap;justifyContent:center;backgroundColorActiveDarkMode:#66F0F0F0;borderRadius:24;",
      "block_action_select_3_l_disable": "flexWrap:noWrap;alignItems:center;paddingBottom:10;backgroundColorActive:#ffffff;borderColorToken:line-border-card;justifyContent:center;paddingRight:24;backgroundColorHover:#ffffff;backgroundColorHoverToken:static-white-hover;backgroundColorActiveDarkMode:#1AFFFFFF;flexGrow:0;width:30.66%;borderColor:#dee0e3;height:40;marginTop:16;backgroundColorHoverDarkMode:#ffffff;borderWidth:1.0;paddingTop:10;paddingLeft:24;borderRadius:24;borderColorDarkMode:#5f5f5f;backgroundColorActiveToken:static-white-hover;",
      "block_action_select_3_r": "height:40;justifyContent:center;borderColorDarkMode:#F0F0F0;flexGrow:0;borderWidth:1.0;paddingRight:24;width:30.66%;borderColorToken:line-border-component;flexWrap:noWrap;backgroundColorActiveToken:udtoken-btn-se-bg-neutral-hover;backgroundColorActive:#DEE0E3;borderColor:#DEE0E3;alignItems:center;paddingTop:10;paddingBottom:10;borderRadius:24;backgroundColorActiveDarkMode:#66F0F0F0;marginTop:16;paddingLeft:24;",
      "block_action_select_3_r_disable": "borderWidth:1.0;justifyContent:center;borderColor:#dee0e3;width:30.66%;height:40;borderColorDarkMode:#5f5f5f;borderColorToken:line-border-card;borderRadius:24;paddingTop:10;paddingBottom:10;backgroundColorHoverToken:static-white-hover;backgroundColorActiveToken:static-white-hover;flexWrap:noWrap;backgroundColorHoverDarkMode:#ffffff;flexGrow:0;alignItems:center;marginTop:16;backgroundColorActiveDarkMode:#1AFFFFFF;paddingRight:24;backgroundColorActive:#ffffff;paddingLeft:24;backgroundColorHover:#ffffff;",
      "block_action_select_disable": "flexWrap:noWrap;borderColorDarkMode:#5f5f5f;backgroundColorActiveDarkMode:#1AFFFFFF;backgroundColorHoverDarkMode:#ffffff;paddingRight:15;paddingLeft:16;paddingTop:10;backgroundColorActiveToken:static-white-hover;borderWidth:1.0;borderColor:#dee0e3;backgroundColorHover:#ffffff;height:40;alignItems:center;width:100%;marginTop:16;flexGrow:1;paddingBottom:10;backgroundColorActive:#ffffff;borderRadius:24;borderColorToken:line-border-card;backgroundColorHoverToken:static-white-hover;justifyContent:center;",
      "block_action_select_flow": "borderColorToken:line-border-component;height:40;borderColor:#DEE0E3;borderColorDarkMode:#F0F0F0;flexGrow:1;paddingLeft:16;flexWrap:noWrap;borderRadius:24;width:auto;borderWidth:1.0;alignItems:center;backgroundColorActiveDarkMode:#66F0F0F0;paddingTop:10;marginTop:16;marginRight:12;backgroundColorActive:#DEE0E3;paddingBottom:10;justifyContent:center;paddingRight:15;backgroundColorActiveToken:udtoken-btn-se-bg-neutral-hover;",
      "block_action_select_flow_disable": "borderColor:#dee0e3;justifyContent:center;backgroundColorActiveToken:static-white-hover;marginTop:16;flexWrap:noWrap;width:auto;borderRadius:24;paddingTop:10;borderColorToken:line-border-card;backgroundColorHoverToken:static-white-hover;paddingRight:15;backgroundColorHover:#ffffff;paddingLeft:16;marginRight:12;height:40;alignItems:center;backgroundColorActive:#ffffff;borderWidth:1.0;flexGrow:1;backgroundColorActiveDarkMode:#1AFFFFFF;borderColorDarkMode:#5f5f5f;paddingBottom:10;backgroundColorHoverDarkMode:#ffffff;",
      "block_action_select_t": "backgroundColorActiveToken:udtoken-btn-se-bg-neutral-hover;flexGrow:1;marginTop:0;justifyContent:center;height:40;paddingLeft:16;backgroundColorActive:#DEE0E3;borderWidth:1.0;paddingBottom:10;borderColorToken:line-border-component;backgroundColorActiveDarkMode:#66F0F0F0;flexWrap:noWrap;borderColor:#DEE0E3;paddingRight:15;alignItems:center;paddingTop:10;borderColorDarkMode:#F0F0F0;borderRadius:24;width:100%;",
      "block_action_select_t_disable": "borderRadius:24;paddingLeft:16;width:100%;paddingRight:15;borderColor:#dee0e3;borderColorDarkMode:#5f5f5f;borderWidth:1.0;backgroundColorHover:#ffffff;backgroundColorHoverDarkMode:#ffffff;height:40;backgroundColorActiveDarkMode:#1AFFFFFF;borderColorToken:line-border-card;backgroundColorActive:#ffffff;justifyContent:center;paddingBottom:10;backgroundColorActiveToken:static-white-hover;paddingTop:10;alignItems:center;marginTop:0;backgroundColorHoverToken:static-white-hover;flexGrow:1;flexWrap:noWrap;",
      "block_action_timepicker": "backgroundColorActiveDarkMode:#66F0F0F0;borderColor:#DEE0E3;flexWrap:noWrap;borderColorToken:line-border-component;height:40;paddingBottom:10;PCpaddingBottom:0;paddingRight:15;justifyContent:center;marginTop:16;paddingTop:10;borderRadius:24;width:100%;backgroundColorActiveToken:udtoken-btn-se-bg-neutral-hover;borderWidth:1.0;borderColorDarkMode:#F0F0F0;paddingLeft:16;backgroundColorActive:#DEE0E3;alignItems:center;PCpaddingTop:0;",
      "block_action_timepicker_2": "paddingLeft:24;height:40;flexWrap:noWrap;backgroundColorActiveToken:udtoken-btn-se-bg-neutral-hover;borderColorToken:line-border-component;backgroundColorActiveDarkMode:#66F0F0F0;borderColor:#DEE0E3;paddingTop:10;borderRadius:24;width:48%;borderWidth:1.0;flexGrow:0;PCpaddingBottom:0;alignItems:center;marginTop:16;backgroundColorActive:#DEE0E3;justifyContent:center;borderColorDarkMode:#F0F0F0;PCpaddingTop:0;paddingRight:24;paddingBottom:10;",
      "block_action_timepicker_2_disable": "borderWidth:1.0;PCpaddingTop:0;borderColor:#dee0e3;paddingLeft:24;backgroundColorHoverDarkMode:#ffffff;borderRadius:24;backgroundColorActiveDarkMode:#1AFFFFFF;paddingBottom:10;paddingRight:24;PCpaddingBottom:0;height:40;paddingTop:10;justifyContent:center;alignItems:center;borderColorDarkMode:#5f5f5f;backgroundColorHoverToken:static-white-hover;marginTop:16;backgroundColorActive:#ffffff;backgroundColorActiveToken:static-white-hover;borderColorToken:line-border-card;flexGrow:0;backgroundColorHover:#ffffff;width:48%;flexWrap:noWrap;",
      "block_action_timepicker_2_l": "marginTop:16;alignItems:center;PCpaddingTop:0;paddingTop:10;borderColorDarkMode:#F0F0F0;borderColorToken:line-border-component;justifyContent:center;backgroundColorActiveToken:udtoken-btn-se-bg-neutral-hover;width:48%;paddingRight:24;height:40;borderWidth:1.0;paddingLeft:24;PCpaddingBottom:0;paddingBottom:10;backgroundColorActiveDarkMode:#66F0F0F0;borderColor:#DEE0E3;backgroundColorActive:#DEE0E3;flexWrap:noWrap;flexGrow:0;borderRadius:24;",
      "block_action_timepicker_2_l_disable": "paddingRight:24;justifyContent:center;borderRadius:24;PCpaddingTop:0;marginTop:16;width:48%;borderColor:#dee0e3;borderColorDarkMode:#5f5f5f;paddingTop:10;backgroundColorHoverDarkMode:#ffffff;backgroundColorHover:#ffffff;paddingBottom:10;alignItems:center;borderColorToken:line-border-card;borderWidth:1.0;height:40;PCpaddingBottom:0;backgroundColorActiveToken:static-white-hover;paddingLeft:24;flexGrow:0;backgroundColorActive:#ffffff;backgroundColorActiveDarkMode:#1AFFFFFF;backgroundColorHoverToken:static-white-hover;flexWrap:noWrap;",
      "block_action_timepicker_2_r": "height:40;alignItems:center;flexWrap:noWrap;paddingRight:24;backgroundColorActive:#DEE0E3;borderColorToken:line-border-component;PCpaddingTop:0;paddingBottom:10;backgroundColorActiveDarkMode:#66F0F0F0;borderRadius:24;justifyContent:center;paddingTop:10;marginTop:16;paddingLeft:24;PCpaddingBottom:0;borderColor:#DEE0E3;width:48%;borderWidth:1.0;flexGrow:0;backgroundColorActiveToken:udtoken-btn-se-bg-neutral-hover;borderColorDarkMode:#F0F0F0;",
      "block_action_timepicker_2_r_disable": "backgroundColorHover:#ffffff;paddingBottom:10;borderRadius:24;borderColorDarkMode:#5f5f5f;width:48%;borderColorToken:line-border-card;PCpaddingBottom:0;paddingLeft:24;backgroundColorActiveToken:static-white-hover;paddingTop:10;justifyContent:center;paddingRight:24;flexWrap:noWrap;alignItems:center;height:40;backgroundColorActive:#ffffff;backgroundColorHoverToken:static-white-hover;flexGrow:0;borderColor:#dee0e3;borderWidth:1.0;marginTop:16;backgroundColorActiveDarkMode:#1AFFFFFF;PCpaddingTop:0;backgroundColorHoverDarkMode:#ffffff;",
      "block_action_timepicker_3": "PCpaddingTop:0;flexWrap:noWrap;height:40;paddingRight:24;borderWidth:1.0;flexGrow:0;borderColor:#DEE0E3;justifyContent:center;borderColorDarkMode:#F0F0F0;paddingTop:10;borderColorToken:line-border-component;backgroundColorActiveDarkMode:#66F0F0F0;paddingBottom:10;width:30.66%;borderRadius:24;marginTop:16;paddingLeft:24;backgroundColorActive:#DEE0E3;backgroundColorActiveToken:udtoken-btn-se-bg-neutral-hover;alignItems:center;PCpaddingBottom:0;",
      "block_action_timepicker_3_disable": "borderRadius:24;height:40;backgroundColorActiveToken:static-white-hover;justifyContent:center;PCpaddingTop:0;width:30.66%;borderColor:#dee0e3;flexWrap:noWrap;borderWidth:1.0;backgroundColorHoverDarkMode:#ffffff;paddingLeft:24;backgroundColorHoverToken:static-white-hover;backgroundColorHover:#ffffff;borderColorDarkMode:#5f5f5f;paddingBottom:10;paddingRight:24;PCpaddingBottom:0;paddingTop:10;backgroundColorActive:#ffffff;alignItems:center;flexGrow:0;backgroundColorActiveDarkMode:#1AFFFFFF;borderColorToken:line-border-card;marginTop:16;",
      "block_action_timepicker_3_l": "flexWrap:noWrap;height:40;borderColorToken:line-border-component;marginTop:16;paddingBottom:10;PCpaddingTop:0;borderWidth:1.0;backgroundColorActiveDarkMode:#66F0F0F0;borderColorDarkMode:#F0F0F0;paddingLeft:24;backgroundColorActive:#DEE0E3;backgroundColorActiveToken:udtoken-btn-se-bg-neutral-hover;alignItems:center;paddingRight:24;paddingTop:10;borderColor:#DEE0E3;justifyContent:center;width:30.66%;borderRadius:24;PCpaddingBottom:0;flexGrow:0;",
      "block_action_timepicker_3_l_disable": "PCpaddingTop:0;backgroundColorHoverDarkMode:#ffffff;backgroundColorHoverToken:static-white-hover;height:40;width:30.66%;paddingLeft:24;paddingBottom:10;backgroundColorActiveDarkMode:#1AFFFFFF;borderColorDarkMode:#5f5f5f;alignItems:center;justifyContent:center;paddingTop:10;borderRadius:24;flexGrow:0;backgroundColorHover:#ffffff;paddingRight:24;borderColorToken:line-border-card;borderColor:#dee0e3;backgroundColorActive:#ffffff;flexWrap:noWrap;backgroundColorActiveToken:static-white-hover;borderWidth:1.0;marginTop:16;PCpaddingBottom:0;",
      "block_action_timepicker_3_r": "width:30.66%;backgroundColorActive:#DEE0E3;alignItems:center;paddingTop:10;paddingBottom:10;paddingLeft:24;height:40;borderWidth:1.0;borderColorToken:line-border-component;paddingRight:24;marginTop:16;borderRadius:24;flexGrow:0;backgroundColorActiveDarkMode:#66F0F0F0;backgroundColorActiveToken:udtoken-btn-se-bg-neutral-hover;flexWrap:noWrap;PCpaddingTop:0;PCpaddingBottom:0;borderColorDarkMode:#F0F0F0;borderColor:#DEE0E3;justifyContent:center;",
      "block_action_timepicker_3_r_disable": "flexWrap:noWrap;PCpaddingBottom:0;paddingBottom:10;borderRadius:24;PCpaddingTop:0;marginTop:16;width:30.66%;borderColorToken:line-border-card;backgroundColorHoverToken:static-white-hover;backgroundColorActiveDarkMode:#1AFFFFFF;paddingRight:24;borderWidth:1.0;borderColorDarkMode:#5f5f5f;backgroundColorActiveToken:static-white-hover;paddingLeft:24;justifyContent:center;paddingTop:10;flexGrow:0;backgroundColorHover:#ffffff;backgroundColorHoverDarkMode:#ffffff;height:40;alignItems:center;backgroundColorActive:#ffffff;borderColor:#dee0e3;",
      "block_action_timepicker_disable": "PCpaddingBottom:0;backgroundColorActive:#ffffff;justifyContent:center;backgroundColorHover:#ffffff;backgroundColorHoverDarkMode:#ffffff;borderColorToken:line-border-card;borderColor:#dee0e3;paddingRight:15;borderWidth:1.0;borderColorDarkMode:#5f5f5f;flexWrap:noWrap;width:100%;height:40;paddingTop:10;paddingBottom:10;borderRadius:24;alignItems:center;marginTop:16;paddingLeft:16;PCpaddingTop:0;backgroundColorActiveDarkMode:#1AFFFFFF;backgroundColorActiveToken:static-white-hover;backgroundColorHoverToken:static-white-hover;",
      "block_action_timepicker_flow": "paddingRight:15;flexWrap:noWrap;backgroundColorActiveToken:udtoken-btn-se-bg-neutral-hover;alignItems:center;borderColor:#DEE0E3;backgroundColorActiveDarkMode:#66F0F0F0;PCpaddingBottom:0;marginRight:12;justifyContent:center;borderColorDarkMode:#F0F0F0;borderRadius:24;height:40;backgroundColorActive:#DEE0E3;paddingLeft:16;paddingBottom:10;borderWidth:1.0;marginTop:16;paddingTop:10;PCpaddingTop:0;borderColorToken:line-border-component;width:auto;",
      "block_action_timepicker_flow_disable": "paddingTop:10;flexWrap:noWrap;paddingBottom:10;width:auto;backgroundColorActiveToken:static-white-hover;borderColorToken:line-border-card;borderRadius:24;height:40;backgroundColorHoverToken:static-white-hover;backgroundColorActive:#ffffff;PCpaddingBottom:0;borderColor:#dee0e3;PCpaddingTop:0;backgroundColorHover:#ffffff;justifyContent:center;borderColorDarkMode:#5f5f5f;paddingLeft:16;marginRight:12;borderWidth:1.0;paddingRight:15;alignItems:center;backgroundColorHoverDarkMode:#ffffff;backgroundColorActiveDarkMode:#1AFFFFFF;marginTop:16;",
      "block_action_timepicker_t": "marginTop:0;paddingLeft:16;borderRadius:24;borderWidth:1.0;justifyContent:center;PCpaddingBottom:0;paddingTop:10;borderColor:#DEE0E3;height:40;width:100%;backgroundColorActiveToken:udtoken-btn-se-bg-neutral-hover;alignItems:center;backgroundColorActiveDarkMode:#66F0F0F0;borderColorToken:line-border-component;flexWrap:noWrap;backgroundColorActive:#DEE0E3;borderColorDarkMode:#F0F0F0;paddingRight:15;PCpaddingTop:0;paddingBottom:10;",
      "block_action_timepicker_t_disable": "paddingLeft:16;paddingBottom:10;width:100%;flexWrap:noWrap;PCpaddingBottom:0;borderRadius:24;borderColor:#dee0e3;justifyContent:center;borderColorDarkMode:#5f5f5f;paddingTop:10;backgroundColorActiveToken:static-white-hover;backgroundColorActive:#ffffff;backgroundColorActiveDarkMode:#1AFFFFFF;marginTop:0;height:40;backgroundColorHover:#ffffff;backgroundColorHoverToken:static-white-hover;PCpaddingTop:0;borderColorToken:line-border-card;alignItems:center;borderWidth:1.0;paddingRight:15;backgroundColorHoverDarkMode:#ffffff;",
      "block_blow_header_p": "marginTop:12;",
      "block_button_txt_danger": "color:#f54a45;colorToken:function-danger-500;disabledTextColor:#f98e8b;fontSize:14;flexShrink:1;fontWeight:bold;colorDarkMode:#F0544F;disabledTextColorToken:udtoken-btn-se-bg-danger-pressed;disabledTextColorDarkMode:#4CF0544F;",
      "block_button_txt_danger_disable": "color:#f98e8b;colorDarkMode:#9e3836;fontSize:14;disabledTextColorDarkMode:#4CF0544F;colorToken:function-danger-300;fontWeight:bold;disabledTextColor:#f98e8b;flexShrink:1;disabledTextColorToken:udtoken-btn-se-bg-danger-pressed;",
      "block_button_txt_default": "color:#1f2329;disabledTextColorToken:text-disabled;disabledTextColorDarkMode:#5f5f5f;fontSize:14;colorToken:text-title;disabledTextColor:#bbbfc4;flexShrink:1;fontWeight:bold;colorDarkMode:#F0F0F0;",
      "block_button_txt_default_disable": "disabledTextColor:#bbbfc4;disabledTextColorToken:text-disabled;flexShrink:1;fontSize:14;color:#bbbfc4;colorDarkMode:#5f5f5f;disabledTextColorDarkMode:#5f5f5f;colorToken:text-disabled;fontWeight:bold;",
      "block_button_txt_link": "disabledTextColor:#82a7fc;disabledTextColorToken:primary-pri-300;disabledTextColorDarkMode:#2851a3;flexShrink:1;fontSize:14;color:#1c4cba;colorToken:text-link-pressed;colorDarkMode:#99bbff;",
      "block_button_txt_primary": "disabledTextColorDarkMode:#4C4382FF;fontSize:14;colorDarkMode:#4382FF;flexShrink:1;color:#3370ff;fontWeight:bold;colorToken:primary-pri-500;disabledTextColor:#82a7fc;disabledTextColorToken:udtoken-btn-se-bg-pri-pressed;",
      "block_button_txt_primary_disable": "fontWeight:bold;disabledTextColorDarkMode:#4C4382FF;fontSize:14;colorDarkMode:#2851a3;disabledTextColor:#82a7fc;disabledTextColorToken:udtoken-btn-se-bg-pri-pressed;flexShrink:1;color:#82a7fc;colorToken:function-info-300;",
      "block_div_ext_action_p": "",
      "block_div_ext_button_danger": "paddingLeft:36;borderColor:#f54a45;borderColorToken:function-danger-500;justifyContent:center;disabledBorderColorToken:line-border-component;flexGrow:1;marginTop:8;backgroundColorHover:#fde2e2;flexWrap:noWrap;disabledBorderColor:#f98e8b;backgroundColorHoverDarkMode:#F0544F;paddingBottom:10;backgroundColorActiveDarkMode:#33F0544F;borderWidth:1.0;paddingRight:36;backgroundColorHoverToken:udtoken-btn-se-bg-danger-hover;disabledBorderColorDarkMode:#fff0f0f0;width:100%;borderColorDarkMode:#F0544F;alignItems:center;borderRadius:24;backgroundColorActive:#DEE0E3;backgroundColorActiveToken:udtoken-btn-se-bg-danger-pressed;height:40;paddingTop:10;",
      "block_div_ext_button_danger_disable": "borderColor:#f98e8b;backgroundColorHover:'#ffffff;paddingLeft:36;width:100%;marginTop:8;paddingRight:36;alignItems:center;disabledBorderColorDarkMode:#fff0f0f0;paddingBottom:10;borderColorToken:function-danger-500;paddingTop:10;backgroundColorHoverDarkMode:#F0544F;flexWrap:noWrap;flexGrow:1;disabledBorderColorToken:line-border-component;backgroundColorHoverToken:udtoken-btn-se-bg-danger-hover;justifyContent:center;height:40;backgroundColorActive:#ffffff;borderColorDarkMode:#F0544F;disabledBorderColor:#f98e8b;backgroundColorActiveDarkMode:#33F0544F;borderRadius:24;borderWidth:1.0;backgroundColorActiveToken:udtoken-btn-se-bg-danger-pressed;",
      "block_div_ext_button_default": "flexGrow:1;marginTop:8;backgroundColorActiveToken:udtoken-btn-se-bg-neutral-pressed;flexWrap:noWrap;paddingRight:36;borderColorDarkMode:#66f0f0f0;width:40;backgroundColorHoverDarkMode:#F0F0F0;backgroundColorHover:#EFF0F1;justifyContent:center;paddingBottom:10;borderRadius:24;alignItems:center;backgroundColorActiveDarkMode:#33F0F0F0;borderWidth:1.0;backgroundColorHoverToken:udtoken-btn-se-bg-pri-hover;borderColorToken:line-border-component;backgroundColorActive:#DEE0E3;height:40;paddingTop:10;borderColor:#DEE0E3;paddingLeft:36;",
      "block_div_ext_button_default_disable": "backgroundColorActiveToken:static-white-hover;backgroundColorActive:#ffffff;alignItems:center;borderColorDarkMode:#5f5f5f;paddingBottom:10;height:40;borderRadius:24;backgroundColorHover:#ffffff;borderColorToken:line-border-card;paddingRight:36;justifyContent:center;marginTop:8;backgroundColorActiveDarkMode:#1AFFFFFF;backgroundColorHoverDarkMode:#ffffff;borderWidth:1.0;flexGrow:1;borderColor:#dee0e3;paddingLeft:36;backgroundColorHoverToken:static-white-hover;flexWrap:noWrap;paddingTop:10;width:40;",
      "block_div_ext_button_link": "paddingRight:36;fontWeight:normal;maxWidth:100%;alignItems:center;flexWrap:noWrap;marginTop:16;",
      "block_div_ext_button_primary": "borderWidth:1.0;backgroundColorHoverToken:udtoken-btn-se-bg-pri-hover;flexGrow:1;backgroundColorHover:#e1eaff;justifyContent:center;flexWrap:noWrap;alignItems:center;borderColorToken:primary-pri-500;backgroundColorHoverDarkMode:#4382FF;marginTop:8;borderColorDarkMode:#4382FF;disabledBorderColorDarkMode:#F0F0F0;backgroundColorActive:#bacefd;paddingTop:10;width:100%;backgroundColorActiveDarkMode:#4C4382FF;borderRadius:24;paddingLeft:36;borderColor:#3370ff;disabledBorderColor:#82a7fc;paddingBottom:10;paddingRight:36;disabledBorderColorToken:line-border-component;backgroundColorActiveToken:udtoken-btn-se-bg-pri-pressed;height:40;",
      "block_div_ext_button_primary_disable": "width:100%;borderColorDarkMode:#2851a3;marginTop:8;backgroundColorActive:#ffffff;borderColorToken:primary-pri-300;paddingTop:10;backgroundColorActiveDarkMode:#1AFFFFFF;backgroundColorHoverDarkMode:#ffffff;disabledBorderColor:#82a7fc;justifyContent:center;borderRadius:24;flexWrap:noWrap;backgroundColorHoverToken:static-white-hover;backgroundColorHover:#ffffff;paddingLeft:36;disabledBorderColorDarkMode:#F0F0F0;disabledBorderColorToken:line-border-component;backgroundColorActiveToken:static-white-hover;borderWidth:1.0;alignItems:center;height:40;flexGrow:1;paddingRight:36;paddingBottom:10;borderColor:#82a7fc;",
      "block_div_ext_datepicker": "paddingRight:15;PCpaddingTop:0;width:100%;paddingTop:10;borderWidth:1.0;backgroundColorActiveToken:udtoken-btn-se-bg-neutral-hover;backgroundColorActive:#DEE0E3;borderRadius:24;paddingLeft:16;alignItems:center;borderColorDarkMode:#66F0F0F0;height:40;PCpaddingBottom:0;backgroundColorActiveDarkMode:#66F0F0F0;justifyContent:center;flexGrow:1;paddingBottom:10;marginTop:8;borderColor:#DEE0E3;flexWrap:noWrap;borderColorToken:line-border-component;",
      "block_div_ext_datepicker_disable": "borderWidth:1.0;height:40;borderColor:#dee0e3;flexWrap:noWrap;backgroundColorHoverToken:static-white-hover;paddingBottom:10;borderColorToken:line-border-card;paddingTop:10;paddingRight:15;PCpaddingBottom:0;backgroundColorActiveDarkMode:#1AFFFFFF;PCpaddingTop:0;backgroundColorHoverDarkMode:#ffffff;backgroundColorHover:#ffffff;backgroundColorActive:#ffffff;justifyContent:center;paddingLeft:16;borderColorDarkMode:#5f5f5f;alignItems:center;flexGrow:1;backgroundColorActiveToken:static-white-hover;width:100%;borderRadius:24;marginTop:8;",
      "block_div_ext_datetimepicker": "flexGrow:1;marginTop:8;backgroundColorActiveToken:udtoken-btn-se-bg-neutral-hover;borderColor:#DEE0E3;borderColorDarkMode:#66F0F0F0;height:40;alignItems:center;backgroundColorActive:#DEE0E3;paddingBottom:10;paddingLeft:16;paddingRight:15;paddingTop:10;flexWrap:noWrap;width:100%;borderWidth:1.0;borderColorToken:line-border-component;backgroundColorActiveDarkMode:#66F0F0F0;PCpaddingBottom:0;borderRadius:24;PCpaddingTop:0;justifyContent:center;",
      "block_div_ext_datetimepicker_disable": "borderRadius:24;flexGrow:1;borderColorToken:line-border-card;height:40;backgroundColorHoverDarkMode:#ffffff;backgroundColorHover:#ffffff;backgroundColorActive:#ffffff;justifyContent:center;borderWidth:1.0;backgroundColorHoverToken:static-white-hover;PCpaddingTop:0;flexWrap:noWrap;marginTop:8;borderColor:#dee0e3;borderColorDarkMode:#5f5f5f;backgroundColorActiveToken:static-white-hover;paddingBottom:10;paddingTop:10;PCpaddingBottom:0;paddingLeft:16;width:100%;alignItems:center;backgroundColorActiveDarkMode:#1AFFFFFF;paddingRight:15;",
      "block_div_ext_image": "width:64;height:64;borderRadius:4;",
      "block_div_ext_image_p": "width:64;height:64;marginLeft:12;flexShrink:0;",
      "block_div_ext_overflow": "flexGrow:1;marginTop:8;width:100%;flexWrap:noWrap;borderRadius:24;borderWidth:1.0;justifyContent:center;backgroundColorHover:#EFF0F1;borderColor:#DEE0E3;height:40;backgroundColorHoverDarkMode:#F0F0F0;borderColorToken:line-border-component;backgroundColorActive:#DEE0E3;backgroundColorHoverToken:udtoken-btn-se-bg-pri-hover;alignItems:center;borderColorDarkMode:#66F0F0F0;backgroundColorActiveDarkMode:#66F0F0F0;paddingBottom:10;backgroundColorActiveToken:udtoken-btn-se-bg-neutral-pressed;paddingTop:10;",
      "block_div_ext_overflow_disable": "paddingTop:10;backgroundColorActiveDarkMode:#1AFFFFFF;height:40;borderWidth:1.0;paddingBottom:10;borderColorToken:line-border-card;borderRadius:24;borderColorDarkMode:#5f5f5f;width:100%;backgroundColorHoverDarkMode:#ffffff;alignItems:center;marginTop:8;backgroundColorActive:#ffffff;flexGrow:1;flexWrap:noWrap;backgroundColorActiveToken:static-white-hover;backgroundColorHover:#ffffff;justifyContent:center;borderColor:#dee0e3;backgroundColorHoverToken:static-white-hover;",
      "block_div_ext_select": "flexWrap:noWrap;borderRadius:24;paddingBottom:10;justifyContent:center;backgroundColorActiveToken:udtoken-btn-se-bg-neutral-hover;width:100%;alignItems:center;flexGrow:1;backgroundColorActive:#DEE0E3;backgroundColorActiveDarkMode:#66F0F0F0;marginTop:8;borderColor:#DEE0E3;borderWidth:1.0;paddingRight:15;borderColorToken:line-border-component;height:40;paddingTop:10;paddingLeft:16;borderColorDarkMode:#66F0F0F0;",
      "block_div_ext_select_disable": "paddingRight:15;borderColorDarkMode:#5f5f5f;backgroundColorActiveDarkMode:#1AFFFFFF;backgroundColorHover:#ffffff;backgroundColorHoverToken:static-white-hover;width:100%;alignItems:center;flexWrap:noWrap;backgroundColorActiveToken:static-white-hover;paddingLeft:16;paddingTop:10;marginTop:8;backgroundColorActive:#ffffff;height:40;borderColorToken:line-border-card;justifyContent:center;paddingBottom:10;borderWidth:1.0;flexGrow:1;borderRadius:24;borderColor:#dee0e3;backgroundColorHoverDarkMode:#ffffff;",
      "block_div_ext_timepicker": "marginTop:8;borderColor:#DEE0E3;paddingTop:10;height:40;width:100%;flexWrap:noWrap;paddingRight:15;alignItems:center;backgroundColorActive:#DEE0E3;paddingBottom:10;borderColorDarkMode:#66F0F0F0;borderRadius:24;backgroundColorActiveToken:udtoken-btn-se-bg-neutral-hover;flexGrow:1;PCpaddingTop:0;borderWidth:1.0;PCpaddingBottom:0;backgroundColorActiveDarkMode:#66F0F0F0;borderColorToken:line-border-component;justifyContent:center;paddingLeft:16;",
      "block_div_ext_timepicker_disable": "PCpaddingBottom:0;borderColorToken:line-border-card;backgroundColorHoverDarkMode:#ffffff;PCpaddingTop:0;paddingLeft:16;borderWidth:1.0;backgroundColorActive:#ffffff;height:40;marginTop:8;width:100%;backgroundColorHoverToken:static-white-hover;flexWrap:noWrap;borderColor:#dee0e3;borderRadius:24;flexGrow:1;backgroundColorActiveDarkMode:#1AFFFFFF;backgroundColorActiveToken:static-white-hover;borderColorDarkMode:#5f5f5f;alignItems:center;paddingTop:10;backgroundColorHover:#ffffff;paddingRight:15;justifyContent:center;paddingBottom:10;",
      "block_div_field_left_p": "flexGrow:1;width:50%;",
      "block_div_field_long_txt": "fontSize:14;",
      "block_div_field_p": "width:100%;flexWrap:noWrap;flexDirection:column;",
      "block_div_field_right_p": "width:50%;marginLeft:16;flexGrow:1;",
      "block_div_field_short_txt": "fontSize:14;",
      "block_div_h_p": "alignItems:flexStart;width:100%;marginTop:16;flexDirection:row;flexWrap:noWrap;",
      "block_div_left_p": "flexShrink:1;flexGrow:1;width:100%;",
      "block_div_long_field_p": "flexWrap:noWrap;flexDirection:column;width:100%;",
      "block_div_long_field_p_t": "flexDirection:column;width:100%;flexWrap:noWrap;",
      "block_div_no_txt_field_p": "marginTop:0;width:100%;flexWrap:noWrap;flexDirection:column;",
      "block_div_short_field_p": "flexGrow:1;flexWrap:noWrap;",
      "block_div_short_field_p_t": "flexWrap:noWrap;flexGrow:1;",
      "block_div_txt": "fontSize:14;",
      "block_div_v_p": "width:100%;marginTop:16;flexWrap:noWrap;flexDirection:column;",
      "block_first_action": "marginTop:0;",
      "block_first_p": "marginTop:0;paddingTop:0;",
      "block_footer_image_appicon": "borderRadius:50%;width:20;height:20;",
      "block_footer_image_triangle": "height:12;marginLeft:4;width:12;",
      "block_footer_link": "backgroundColorActive:#DEE0E3;backgroundColorActiveDarkMode:#1F1F1F;backgroundColorActiveToken:text-caption;width:100%;backgroundColorHover:#EFF0F1;",
      "block_footer_link_p": "marginLeftPC:-12;marginTopPC:-12;width:100%;backgroundColorActive:#DEE0E3;backgroundColorActiveDarkMode:#1F1F1F;backgroundColorActiveToken:text-caption;marginBottomPC:-12;flexDirection:row;alignItems:center;paddingPC:12;backgroundColorHover:#8FB4FF;",
      "block_footer_p": "flexDirection:row;alignItems:center;marginTop:10;",
      "block_footer_txt": "marginLeft:4;fontSize:12;color:#646A73;colorDarkMode:#C1C1C1;colorToken:text-caption;",
      "block_header_txt": "width:100%;fontWeight:bold;fontSize:16;",
      "block_hr": "marginTop:16;minHeight:0.5;width:100%;height:0.5;backgroundColorToken:line-divider-default;backgroundColor:#DEE0E3;backgroundColorDarkMode:#F6F6F6;",
      "block_image": "minHeight:10;width:100%;borderRadius:4;minWidth:10%;maxWidth:100%;maxHeight:494;",
      "block_image_container_compact": "minWidth:10%;width:100%;",
      "block_image_container_normal": "width:100%;minWidth:10%;",
      "block_image_fit": "minHeight:10;width:100%;borderRadius:4;minWidth:10%;maxWidth:100%;",
      "block_image_p": "marginTop:16;",
      "block_image_title_txt": "marginBottom:8;colorToken:text-title;color:#1f2329;colorDarkMode:#f0f0f0;fontSize:14;width:100%;",
      "block_markdown": "",
      "block_note_image": "borderRadius:2;marginRight:4;width:16;height:16;",
      "block_note_p": "alignItems:center;marginTop:16;flexDirection:row;",
      "block_note_txt": "color:#646A73;colorDarkMode:#C1C1C1;colorToken:text-caption;fontSize:12;marginRight:4;",
      "blue": "fontSize:16;startColorDarkMode:#4382FF;replyIconColor:#82A7FC;color:#ffffff;colorDarkMode:#ffffff;endColorDarkMode:#2E65D1;startColor:#4e83fd;endColor:#3370ff;replyTextColor:#E1EAFF;",
      "carmine": "startColor:#F14BA9;replyIconColor:#F57AC0;colorDarkMode:#ffffff;replyTextColor:#FDDDEF;startColorDarkMode:#E352A3;fontSize:16;color:#ffffff;endColorDarkMode:#CC4792;endColor:#F01D94;",
      "dark_grey": "color:#ffffff;endColorDarkMode:#373F43;replyTextColor:#E1EAFF;startColor:#414446;replyIconColor:#82A7FC;fontSize:16;colorDarkMode:#ffffff;startColorDarkMode:#414446;endColor:#373F43;",
      "green": "color:#ffffff;endColorDarkMode:#339428;replyTextColor:#D9F5D6;replyIconColor:#8EE085;startColorDarkMode:#3BB02E;fontSize:16;colorDarkMode:#ffffff;startColor:#62D256;endColor:#34C724;",
      "grey": "endColorDarkMode:#646A73;startColor:#9CA2A9;startColorDarkMode:#9CA2A9;endColor:#646A73;replyTextColor:#F5F6F7;replyIconColor:#E4E5E7;fontSize:16;color:#ffffff;colorDarkMode:#ffffff;",
      "indigo": "replyTextColor:#E0E2FA;colorDarkMode:#ffffff;startColor:#616AE5;replyIconColor:#7B83EA;color:#ffffff;endColorDarkMode:#4C55D4;fontSize:16;startColorDarkMode:#5F69ED;endColor:#4954e6;",
      "md_hr": "width:100%;height:0.5;backgroundColor:#DEE0E3;backgroundColorDarkMode:#26F6F6F6;backgroundColorToken:line-divider-default;minHeight:0.5;",
      "md_img": "borderRadius:4;minWidth:10%;maxWidth:100%;minHeight:10;width:100%;",
      "md_margin_top_16": "marginTop:16;",
      "md_margin_top_8": "marginTop:8;",
      "nocturnal_black": "startColor:#233349;endColorDarkMode:#060E19;replyIconColor:#82A7FC;color:#ffffff;colorDarkMode:#ffffff;startColorDarkMode:#233349;fontSize:16;endColor:#060E19;replyTextColor:#E1EAFF;",
      "orange": "startColorDarkMode:#E58312;replyTextColor:#FEEAD2;colorDarkMode:#ffffff;fontSize:16;startColor:#FFA53D;endColorDarkMode:#BD7017;color:#ffffff;endColor:#FF8800;replyIconColor:#FFBA6B;",
      "purple": "replyTextColor:#ECE2FE;fontSize:16;colorDarkMode:#ffffff;color:#ffffff;startColor:#935AF6;startColorDarkMode:#9762F5;endColor:#7F3BF5;endColorDarkMode:#7C4AD4;replyIconColor:#AD82F7;",
      "red": "colorDarkMode:#ffffff;color:#ffffff;startColor:#F76964;startColorDarkMode:#F0544F;endColor:#F54A45;endColorDarkMode:#CC4743;replyTextColor:#FDE2E2;fontSize:16;replyIconColor:#F98E8B;",
      "teal": "replyTextColor:#E1EAFF;color:#ffffff;startColor:#3AC5CE;fontSize:16;startColorDarkMode:#3AC5CE;endColorDarkMode:#00A7B5;endColor:#00A7B5;replyIconColor:#82A7FC;colorDarkMode:#ffffff;",
      "tonal_teal": "colorDarkMode:#ffffff;replyTextColor:#E1EAFF;startColor:#2D85A5;replyIconColor:#82A7FC;fontSize:16;startColorDarkMode:#2D85A5;endColor:#044A66;endColorDarkMode:#044A66;color:#ffffff;",
      "turquoise": "replyIconColor:#64E8D6;fontSize:16;startColor:#00D6B9;startColorDarkMode:#269687;endColor:#04B49C;endColorDarkMode:#23665D;replyTextColor:#D5F6F2;color:#ffffff;colorDarkMode:#ffffff;",
      "twilight_teal": "fontSize:16;color:#ffffff;colorDarkMode:#ffffff;replyIconColor:#82A7FC;replyTextColor:#E1EAFF;endColor:#002C49;endColorDarkMode:#002C49;startColorDarkMode:#185073;startColor:#185073;",
      "txt_at": "fontSize:14;",
      "txt_bold": "fontSize:14;colorToken:text-title;fontWeight:bold;",
      "txt_content_link": "fontSize:14;wordBreak:breakWord;",
      "txt_danger_disable": "color:#f98e8b;colorToken:function-danger-300;colorDarkMode:#9e3836;",
      "txt_default_disable": "color:#bbbfc4;colorDarkMode:#5f5f5f;colorToken:text-disabled;",
      "txt_delete": "textDecoration:lineThrough;fontSize:14;",
      "txt_h1": "fontSize:14;color:#1f2329;colorDarkMode:#f0f0f0;colorToken:text-title;",
      "txt_h2": "fontSize:14;color:#1f2329;colorDarkMode:#f0f0f0;colorToken:text-title;",
      "txt_h3": "fontSize:14;color:#1f2329;colorDarkMode:#f0f0f0;colorToken:text-title;",
      "txt_italic": "colorToken:text-title;fontStyle:italic;fontSize:14;",
      "txt_link": "wordBreak:breakAll;fontSize:14;",
      "txt_plain": "colorDarkMode:#f0f0f0;colorToken:text-title;fontSize:14;color:#1f2329;",
      "txt_primary_disable": "color:#82a7fc;colorToken:function-info-300;colorDarkMode:#2851a3;",
      "txt_underline": "textDecoration:underLine;fontSize:14;colorToken:text-title;",
      "violet": "startColorDarkMode:#D457D4;endColorDarkMode:#B54AB5;replyIconColor:#E58FE5;fontSize:16;endColor:#d136d1;color:#ffffff;startColor:#db66db;replyTextColor:#F8DEF8;colorDarkMode:#ffffff;",
      "wathet": "fontSize:16;color:#ffffff;startColor:#14C0FF;startColorDarkMode:#2EA5D1;endColor:#049FD7;replyTextColor:#D9F3FD;colorDarkMode:#ffffff;endColorDarkMode:#2782A3;replyIconColor:#7EDAFB;",
      "yellow": "fontSize:16;color:#ffffff;replyTextColor:#FAF1D1;replyIconColor:#F7DC82;colorDarkMode:#ffffff;endColor:#DC9B04;startColor:#FFC60A;startColorDarkMode:#C99D08;endColorDarkMode:#8F7211;"
    },
    "version": 42
  }
}