    {
    "effect": [
        {
            "name": "small",
            "viewport": [
              0,
              0,
              640,
              360
            ],
            "vertexShader": "resource1/normal.vsh",
            "vUniforms": [],
            "fragmentShader": "resource1/normal.fsh",
            "fUniforms": [
              {
                "name": "inputImageTexture",
                "type": 100
              }
            ]
        },
        {
            "name": "blur1",
            "viewport": [
                0,
                0,
                640,
                360
            ],
            "inputEffect": [
                "small"
            ],
            "vertexShader": "resource1/gaussian_sigma6.vsh",
            "vUniforms": [],
            "fragmentShader": "resource1/gaussian_sigma6.fsh",
            "fUniforms": [
                {
                    "name": "inputImageTexture",
                    "type": 1000,
                    "inputEffectIndex": 0
                },
                {
                    "name": "texelWidthOffset",
                    "type": 3,
                    "data": [
                        0
                    ]
                },
                {
                    "name": "texelHeightOffset",
                    "type": 301
                },
                {
                    "name": "u_mask",
                    "type": 2000
                }
            ]
        },
        {
            "name": "blur2",
            "viewport": [
                0,
                0,
                640,
                360
            ],
            "inputEffect": [
                "blur1"
            ],
            "vertexShader": "resource1/gaussian_sigma6.vsh",
            "vUniforms": [],
            "fragmentShader": "resource1/gaussian_sigma6.fsh",
            "fUniforms": [
                {
                    "name": "inputImageTexture",
                    "type": 1000,
                    "inputEffectIndex": 0
                },
                {
                    "name": "texelWidthOffset",
                    "type": 300
                },
                {
                    "name": "texelHeightOffset",
                    "type": 3,
                    "data": [
                        0
                    ]
                },
                {
                    "name": "u_mask",
                    "type": 2000
                }
            ]
        },
        {
            "name": "blur1_mean",
            "viewport": [
                0,
                0,
                640,
                360
            ],
            "inputEffect": [
                "blur2"
            ],
            "vertexShader": "resource1/mean.vsh",
            "vUniforms": [],
            "fragmentShader": "resource1/mean.fsh",
            "fUniforms": [
                {
                    "name": "inputImageTexture",
                    "type": 1000,
                    "inputEffectIndex": 0
                },
                {
                    "name": "texelWidthOffset",
                    "type": 3,
                    "data": [
                        0
                    ]
                },
                {
                    "name": "texelHeightOffset",
                    "type": 301
                },
                {
                    "name": "u_mask",
                    "type": 2000
                },
                {
                    "name": "radius",
                    "type": 3,
                    "data": [
                        0
                    ]
                }
            ]
        },
        {
            "name": "blur2_mean",
            "viewport": [
                0,
                0,
                640,
                360
            ],
            "inputEffect": [
                "blur1_mean"
            ],
            "vertexShader": "resource1/mean.vsh",
            "vUniforms": [],
            "fragmentShader": "resource1/mean.fsh",
            "fUniforms": [
                {
                    "name": "inputImageTexture",
                    "type": 1000,
                    "inputEffectIndex": 0
                },
                {
                    "name": "texelWidthOffset",
                    "type": 300
                },
                {
                    "name": "texelHeightOffset",
                    "type": 3,
                    "data": [
                        0
                    ]
                },
                {
                    "name": "u_mask",
                    "type": 2000
                },
                {
                    "name": "radius",
                    "type": 3,
                    "data": [
                        0
                    ]
                }
            ]
        },
        {
            "name": "matting",
            "inputEffect": [
                "blur2_mean"
            ],
            "vertexShader": "resource1/vshader.vsh",
            "vUniforms": [
            ],
            "fragmentShader": "resource1/fshader.fsh",
            "fUniforms": [
                {
                    "name": "u_input",
                    "type": 100
                },
                {
                    "name": "u_blur",
                    "type": 1000,
                    "inputEffectIndex": 0
                },
                {
                    "name": "u_mask",
                    "type": 2000
                }
            ]
        }
    ],
    "version": 1.1
}
